NUMBER,NAME,TYPE,VPU,ANG,PLOAD,QLOAD,PGEN,QGEN,KVBASE,QMIN,QMAX,G,B,NUMBER,POSX,POSY
0,N1,3,1,0,0.0,0.0,0.0,0.0,400,0,0,0,0,1,-2.1388444061158194,53.43268924496155
1,N2,0,1,0,0.0,0.0,0.0,0.0,400,0,0,0,0,2,-2.1388604733961123,53.43269155427544
2,N3,0,1,0,0.0,0.0,0.0,0.0,400,0,0,0,0,3,-2.1388622044360917,53.43269159720195
3,N4,0,1,0,0.0,0.0,0.0,0.0,400,0,0,0,0,4,-2.1388637386357456,53.43269128081711
4,N5,0,1,0,0.0,0.0,0.0,0.0,400,0,0,0,0,5,-2.1388648507253767,53.43269075818802
5,N6,0,1,0,0.0,0.0,0.0,0.0,400,0,0,0,0,6,-2.138865915547759,53.432689588440915
6,N7,0,1,0,0.0,0.0,0.0,0.0,400,0,0,0,0,7,-2.1389025791078553,53.43260161109078
7,N8,0,1,0,0.0,0.0,0.0,0.0,400,0,0,0,0,8,-2.1389029571972813,53.432597556829975
8,N9,0,1,0,0.0,0.0,0.0,0.0,400,0,0,0,0,9,-2.1389029461572857,53.43259417716115
9,N10,0,1,0,0.0,0.0,0.0,0.0,400,0,0,0,0,10,-2.1389021689736736,53.432591247810606
10,N11,0,1,0,0.0,0.0,0.0,0.0,400,0,0,0,0,11,-2.1389006572464164,53.432589227155844
11,N12,0,1,0,0.0,0.0,0.0,0.0,400,0,0,0,0,12,-2.138898018851354,53.432587872963694
12,N13,0,1,0,0.0,0.0,0.0,0.0,400,0,0,0,0,13,-2.138896495743245,53.43258697588652
13,N14,0,1,0,0.0,0.0,0.0,0.0,400,0,0,0,0,14,-2.1388916749233107,53.4325856242366
14,N15,0,1,0,0.0,0.0,0.0,0.0,400,0,0,0,0,15,-2.1388496329023714,53.432579839657684
15,N16,0,1,0,0.0,0.0,0.0,0.0,400,0,0,0,0,16,-2.1388493045347756,53.43258068496051
16,N17,0,1,0,0.0,0.0,0.0,0.0,400,0,0,0,0,17,-2.1387986464581927,53.43257283405016
17,N18,0,1,0,0.0,0.0,0.0,0.0,400,0,0,0,0,18,-2.1388492757237776,53.432581080488745
18,N19,0,1,0,0.0,0.0,0.0,0.0,400,0,0,0,0,19,-2.1387951977082187,53.43257221785732
19,N20,0,1,0,0.0,0.0,0.0,0.0,400,0,0,0,0,20,-2.138849337278721,53.432581493888755
20,N21,0,1,0,0.0,0.0,0.0,0.0,400,0,0,0,0,21,-2.138791656861497,53.43257105347217
21,N22,0,1,0,0.0,0.0,0.0,0.0,400,0,0,0,0,22,-2.138849473942944,53.4325818622587
22,N23,0,1,0,0.0,0.0,0.0,0.0,400,0,0,0,0,23,-2.138787162215143,53.43256818237929
23,N24,0,1,0,0.0,0.0,0.0,0.0,400,0,0,0,0,24,-2.1388497011492156,53.43258230243137
24,N25,0,1,0,0.0,0.0,0.0,0.0,400,0,0,0,0,25,-2.138778671902009,53.43256314071641
25,N26,0,1,0,0.0,0.0,0.0,0.0,400,0,0,0,0,26,-2.13885007889691,53.432582751417215
26,N27,0,1,0,0.0,0.0,0.0,0.0,400,0,0,0,0,27,-2.1387282271905304,53.43260683866223
27,N28,0,1,0,0.0,0.0,0.0,0.0,400,0,0,0,0,28,-2.1386702964358695,53.43250117414836
28,N29,0,1,0,0.0,0.0,0.0,0.0,400,0,0,0,0,29,-2.138850441564055,53.43258319143212
29,N30,0,1,0,0.0,0.0,0.0,0.0,400,0,0,0,0,30,-2.138714087826308,53.432618773884045
30,N31,0,1,0,0.0,0.0,0.0,0.0,400,0,0,0,0,31,-2.1387452976917043,53.43261678706217
31,N32,0,1,0,0.0,0.0,0.0,0.0,400,0,0,0,0,32,-2.138641329462516,53.4324847498634
32,N33,0,1,0,0.0,0.0,0.0,0.0,400,0,0,0,0,33,-2.138851483883598,53.43258434973673
33,N34,0,1,0,0.0005324730902777775,0.00017501544120977536,0.0,0.0,400,0,0,0,0,34,-2.138658502630793,53.43262313504998
34,N35,0,1,0,0.0,0.0,0.0,0.0,400,0,0,0,0,35,-2.138745660328729,53.4326172180889
35,N36,0,1,0,0.0,0.0,0.0,0.0,400,0,0,0,0,36,-2.1385803626249307,53.43252113434216
36,N37,0,1,0,0.0,0.0,0.0,0.0,400,0,0,0,0,37,-2.1385537500858116,53.4324350822599
37,N38,0,1,0,0.0,0.0,0.0,0.0,400,0,0,0,0,38,-2.1388526611650995,53.43258535507938
38,N39,0,1,0,0.0,0.0,0.0,0.0,400,0,0,0,0,39,-2.1387460387501958,53.43261787381015
39,N40,0,1,0,0.0,0.0,0.0,0.0,400,0,0,0,0,40,-2.1385762225503937,53.432518523496164
40,N41,0,1,0,0.0,0.0,0.0,0.0,400,0,0,0,0,41,-2.1385617300868116,53.43253295791773
41,N42,0,1,0,0.0,0.0,0.0,0.0,400,0,0,0,0,42,-2.138492771150566,53.43240074506957
42,N43,0,1,0,0.0,0.0,0.0,0.0,400,0,0,0,0,43,-2.1385559127074174,53.43243362360728
43,N44,0,1,0,0.0,0.0,0.0,0.0,400,0,0,0,0,44,-2.1388529479598817,53.43258560642384
44,N45,0,1,0,0.0,0.0,0.0,0.0,400,0,0,0,0,45,-2.1387464027950154,53.43261873628397
45,N46,0,1,0,0.0,0.0,0.0,0.0,400,0,0,0,0,46,-2.1385743073005665,53.432517375192205
46,N47,0,1,0,0.0006302092013888888,0.0002071397474339929,0.0,0.0,400,0,0,0,0,47,-2.1385379171517442,53.432569344133235
47,N48,0,1,0,0.0,0.0,0.0,0.0,400,0,0,0,0,48,-2.1384465850699077,53.4323748668418
48,N49,0,1,0,0.0,0.0,0.0,0.0,400,0,0,0,0,49,-2.1385564064959612,53.43243273317042
49,N50,0,1,0,0.0,0.0,0.0,0.0,400,0,0,0,0,50,-2.1388534757207487,53.432585902430205
50,N51,0,1,0,0.0,0.0,0.0,0.0,400,0,0,0,0,51,-2.138746409863229,53.43262090250788
51,N52,0,1,0,0.0,0.0,0.0,0.0,400,0,0,0,0,52,-2.138571551322853,53.432516884026974
52,N53,0,1,0,0.0,0.0,0.0,0.0,400,0,0,0,0,53,-2.1384398151712594,53.432371207388364
53,N54,0,1,0,0.0,0.0,0.0,0.0,400,0,0,0,0,54,-2.138439599139488,53.432378820911765
54,N55,0,1,0,0.0,0.0,0.0,0.0,400,0,0,0,0,55,-2.1385561472581816,53.43243169979242
55,N56,0,1,0,0.0,0.0,0.0,0.0,400,0,0,0,0,56,-2.138854590889662,53.432586323591714
56,N57,0,1,0,0.0,0.0,0.0,0.0,400,0,0,0,0,57,-2.138745316784528,53.432622638563295
57,N58,0,1,0,0.0,0.0,0.0,0.0,400,0,0,0,0,58,-2.138568812007398,53.43251688721064
58,N59,0,1,0,0.0,0.0,0.0,0.0,400,0,0,0,0,59,-2.13840974788743,53.43235424501364
59,N60,0,1,0,0.0,0.0,0.0,0.0,400,0,0,0,0,60,-2.138438742161217,53.432379109539305
60,N61,0,1,0,0.0,0.0,0.0,0.0,400,0,0,0,0,61,-2.138555903540181,53.43243081021263
61,N62,0,1,0,0.0,0.0,0.0,0.0,400,0,0,0,0,62,-2.138855675457201,53.43258659198408
62,N63,0,1,0,0.0,0.0,0.0,0.0,400,0,0,0,0,63,-2.1387351784132345,53.432629149057036
63,N64,0,1,0,0.0,0.0,0.0,0.0,400,0,0,0,0,64,-2.1385671714283623,53.43251688911731
64,N65,0,1,0,0.0,0.0,0.0,0.0,400,0,0,0,0,65,-2.1384037010050956,53.4323507555006
65,N66,0,1,0,0.0,0.0,0.0,0.0,400,0,0,0,0,66,-2.1383232113555413,53.432407530485676
66,N67,0,1,0,0.0,0.0,0.0,0.0,400,0,0,0,0,67,-2.138437689284071,53.4323793264862
67,N68,0,1,0,0.0,0.0,0.0,0.0,400,0,0,0,0,68,-2.1385551485808834,53.43243007403169
68,N69,0,1,0,0.0,0.0,0.0,0.0,400,0,0,0,0,69,-2.138856880228957,53.43258679731685
69,N70,0,1,0,0.000355202256944445,0.00011674933598129756,0.0,0.0,400,0,0,0,0,70,-2.1387188248073725,53.43265901894335
70,N71,0,1,0,0.0,0.0,0.0,0.0,400,0,0,0,0,71,-2.1385641482785926,53.43251754879234
71,N72,0,1,0,0.0,0.0,0.0,0.0,400,0,0,0,0,72,-2.138327388348381,53.43231276870986
72,N73,0,1,0,0.0005112517361111112,0.0001680403194048209,0.0,0.0,400,0,0,0,0,73,-2.1383267909559103,53.43244375004959
73,N74,0,1,0,0.0003619192708333337,0.00011895711168084095,0.0,0.0,400,0,0,0,0,74,-2.1383267909559103,53.43244375004959
74,N75,0,1,0,0.0,0.0,0.0,0.0,400,0,0,0,0,75,-2.1384350565059016,53.4323796890837
75,N76,0,1,0,0.0,0.0,0.0,0.0,400,0,0,0,0,76,-2.138552930672438,53.43242842272224
76,N77,0,1,0,0.0,0.0,0.0,0.0,400,0,0,0,0,77,-2.1388625424186043,53.43258768957399
77,N78,0,1,0,0.0,0.0,0.0,0.0,400,0,0,0,0,78,-2.138552098579623,53.43252411542303
78,N79,0,1,0,0.0,0.0,0.0,0.0,400,0,0,0,0,79,-2.138302041501758,53.43229867715621
79,N80,0,1,0,0.0,0.0,0.0,0.0,400,0,0,0,0,80,-2.1384336127381345,53.432380041312136
80,N81,0,1,0,0.0,0.0,0.0,0.0,400,0,0,0,0,81,-2.138544787938499,53.43242379411045
81,N82,0,1,0,0.0,0.0,0.0,0.0,400,0,0,0,0,82,-2.1388700860096086,53.43258857963955
82,N83,0,1,0,0.00028058420138888876,9.222356716083285e-05,0.0,0.0,400,0,0,0,0,83,-2.1384926464442104,53.432533442665815
83,N84,0,1,0,0.0,0.0,0.0,0.0,400,0,0,0,0,84,-2.1382958320557632,53.43229610465487
84,N85,0,1,0,0.0,0.0,0.0,0.0,400,0,0,0,0,85,-2.1384322147675183,53.432380591234704
85,N86,0,1,0,0.0,0.0,0.0,0.0,400,0,0,0,0,86,-2.1385290155033805,53.432414931783775
86,N87,0,1,0,0.0,0.0,0.0,0.0,400,0,0,0,0,87,-2.138874618654538,53.43258925748737
87,N88,0,1,0,0.0,0.0,0.0,0.0,400,0,0,0,0,88,-2.13828297721015,53.43229112195009
88,N89,0,1,0,0.0,0.0,0.0,0.0,400,0,0,0,0,89,-2.138431042827263,53.432381221791466
89,N90,0,1,0,0.0,0.0,0.0,0.0,400,0,0,0,0,90,-2.1385257416445964,53.43241255363096
90,N91,0,1,0,0.0,0.0,0.0,0.0,400,0,0,0,0,91,-2.1388762599995963,53.432589489276964
91,N92,0,1,0,0.0,0.0,0.0,0.0,400,0,0,0,0,92,-2.1382699758022734,53.4322873528635
92,N93,0,1,0,0.0,0.0,0.0,0.0,400,0,0,0,0,93,-2.1385253184848523,53.43241202380019
93,N94,0,1,0,0.0,0.0,0.0,0.0,400,0,0,0,0,94,-2.1388767570124196,53.43258958757174
94,N95,0,1,0,0.0,0.0,0.0,0.0,400,0,0,0,0,95,-2.1382626079510816,53.4322849434971
95,N96,0,1,0,0.0,0.0,0.0,0.0,400,0,0,0,0,96,-2.1385253611200565,53.43241125073833
96,N97,0,1,0,0.0,0.0,0.0,0.0,400,0,0,0,0,97,-2.138877269164525,53.43258971281439
97,N98,0,1,0,0.0,0.0,0.0,0.0,400,0,0,0,0,98,-2.1382576962650677,53.4322834031681
98,N99,0,1,0,0.0,0.0,0.0,0.0,400,0,0,0,0,99,-2.13852564615482,53.43241096277468
99,N100,0,1,0,0.0,0.0,0.0,0.0,400,0,0,0,0,100,-2.138878399443695,53.432590151935095
100,N101,0,1,0,0.0,0.0,0.0,0.0,400,0,0,0,0,101,-2.1382510513064408,53.43228112779044
101,N102,0,1,0,0.0,0.0,0.0,0.0,400,0,0,0,0,102,-2.1385718099161077,53.43237454159746
102,N103,0,1,0,0.0,0.0,0.0,0.0,400,0,0,0,0,103,-2.138881806154556,53.43259172095712
103,N104,0,1,0,0.0,0.0,0.0,0.0,400,0,0,0,0,104,-2.1382467630285387,53.432281528257484
104,N105,0,1,0,0.0,0.0,0.0,0.0,400,0,0,0,0,105,-2.1382467565410543,53.43227953281456
105,N106,0,1,0,0.0,0.0,0.0,0.0,400,0,0,0,0,106,-2.1385727971103505,53.43237264387334
106,N107,0,1,0,0.0,0.0,0.0,0.0,400,0,0,0,0,107,-2.13824152597598,53.43228175904267
107,N108,0,1,0,0.0,0.0,0.0,0.0,400,0,0,0,0,108,-2.1382445254715363,53.432278456779606
108,N109,0,1,0,0.0,0.0,0.0,0.0,400,0,0,0,0,109,-2.1385747260522594,53.43236875859278
109,N110,0,1,0,0.0,0.0,0.0,0.0,400,0,0,0,0,110,-2.1382354767190956,53.4322821615511
110,N111,0,1,0,0.0,0.0,0.0,0.0,400,0,0,0,0,111,-2.138168610168292,53.432228343918815
111,N112,0,1,0,0.0,0.0,0.0,0.0,400,0,0,0,0,112,-2.138683326124431,53.43228283694204
112,N113,0,1,0,0.0,0.0,0.0,0.0,400,0,0,0,0,113,-2.138226374279938,53.43228324173757
113,N114,0,1,0,0.0,0.0,0.0,0.0,400,0,0,0,0,114,-2.138160452229621,53.43222364339021
114,N115,0,1,0,0.0,0.0,0.0,0.0,400,0,0,0,0,115,-2.1387847392646635,53.43220857267339
115,N116,0,1,0,0.0,0.0,0.0,0.0,400,0,0,0,0,116,-2.138214896570975,53.43228518757439
116,N117,0,1,0,0.0,0.0,0.0,0.0,400,0,0,0,0,117,-2.1381490217775587,53.43223086542462
117,N118,0,1,0,0.0,0.0,0.0,0.0,400,0,0,0,0,118,-2.138198243276223,53.432199762048995
118,N119,0,1,0,0.0,0.0,0.0,0.0,400,0,0,0,0,119,-2.1387959329811537,53.432202636211386
119,N120,0,1,0,0.0,0.0,0.0,0.0,400,0,0,0,0,120,-2.138207016279052,53.43228719215971
120,N121,0,1,0,0.0,0.0,0.0,0.0,400,0,0,0,0,121,-2.138146250509373,53.43223029337063
121,N122,0,1,0,0.0,0.0,0.0,0.0,400,0,0,0,0,122,-2.138143464294449,53.432234386373494
122,N123,0,1,0,0.0,0.0,0.0,0.0,400,0,0,0,0,123,-2.138267234634724,53.43215717537027
123,N124,0,1,0,0.0,0.0,0.0,0.0,400,0,0,0,0,124,-2.1388046347597482,53.432198707088425
124,N125,0,1,0,0.0,0.0,0.0,0.0,400,0,0,0,0,125,-2.138196250381058,53.432290494435485
125,N126,0,1,0,0.0,0.0,0.0,0.0,400,0,0,0,0,126,-2.1381437511535886,53.43223002661105
126,N127,0,1,0,0.0,0.0,0.0,0.0,400,0,0,0,0,127,-2.1381173139013256,53.43225090160719
127,N128,0,1,0,0.0,0.0,0.0,0.0,400,0,0,0,0,128,-2.138298192566169,53.43213798493788
128,N129,0,1,0,0.0,0.0,0.0,0.0,400,0,0,0,0,129,-2.138812707795501,53.432195821364665
129,N130,0,1,0,0.0,0.0,0.0,0.0,400,0,0,0,0,130,-2.138184778598358,53.43229426493118
130,N131,0,1,0,0.0,0.0,0.0,0.0,400,0,0,0,0,131,-2.1381419602499454,53.43223008261715
131,N132,0,1,0,0.0,0.0,0.0,0.0,400,0,0,0,0,132,-2.1380765970363265,53.432226643821444
132,N133,0,1,0,0.0,0.0,0.0,0.0,400,0,0,0,0,133,-2.1380430984045953,53.432297790757545
133,N134,0,1,0,0.0,0.0,0.0,0.0,400,0,0,0,0,134,-2.13830664645656,53.43213187192936
134,N135,0,1,0,0.0,0.0,0.0,0.0,400,0,0,0,0,135,-2.1388397347001455,53.43218970467049
135,N136,0,1,0,0.0,0.0,0.0,0.0,400,0,0,0,0,136,-2.1381747232825026,53.43229854612962
136,N137,0,1,0,0.0,0.0,0.0,0.0,400,0,0,0,0,137,-2.138139282558822,53.432230517168314
137,N138,0,1,0,0.0,0.0,0.0,0.0,400,0,0,0,0,138,-2.1380732335820603,53.43222447249578
138,N139,0,1,0,0.0,0.0,0.0,0.0,400,0,0,0,0,139,-2.137987416074395,53.432332407067165
139,N140,0,1,0,0.0,0.0,0.0,0.0,400,0,0,0,0,140,-2.138316498045162,53.43212512810269
140,N141,0,1,0,0.0,0.0,0.0,0.0,400,0,0,0,0,141,-2.1388607853912798,53.432187918406605
141,N142,0,1,0,0.0,0.0,0.0,0.0,400,0,0,0,0,142,-2.1381596382844315,53.4323066622632
142,N143,0,1,0,0.0,0.0,0.0,0.0,400,0,0,0,0,143,-2.1381363353205276,53.43223137449196
143,N144,0,1,0,0.0,0.0,0.0,0.0,400,0,0,0,0,144,-2.1380706067554898,53.43222203066151
144,N145,0,1,0,0.0,0.0,0.0,0.0,400,0,0,0,0,145,-2.137949998562358,53.43235551489649
145,N146,0,1,0,0.0,0.0,0.0,0.0,400,0,0,0,0,146,-2.138324934832587,53.432118385916596
146,N147,0,1,0,0.0,0.0,0.0,0.0,400,0,0,0,0,147,-2.1388643981171094,53.432188058015235
147,N148,0,1,0,0.0,0.0,0.0,0.0,400,0,0,0,0,148,-2.1380925544205125,53.43234812310482
148,N149,0,1,0,0.0,0.0,0.0,0.0,400,0,0,0,0,149,-2.1381340208992006,53.43223243781824
149,N150,0,1,0,0.0,0.0,0.0,0.0,400,0,0,0,0,150,-2.138069139737872,53.43221985713957
150,N151,0,1,0,0.0,0.0,0.0,0.0,400,0,0,0,0,151,-2.1379126260465284,53.432378586707884
151,N152,0,1,0,0.0,0.0,0.0,0.0,400,0,0,0,0,152,-2.1378961736168547,53.43232243650461
152,N153,0,1,0,0.0,0.0,0.0,0.0,400,0,0,0,0,153,-2.138333366120034,53.432109953895306
153,N154,0,1,0,0.0,0.0,0.0,0.0,400,0,0,0,0,154,-2.1388651977022946,53.432188632348996
154,N155,0,1,0,0.0,0.0,0.0,0.0,400,0,0,0,0,155,-2.1380778484694023,53.43235710168646
155,N156,0,1,0,0.0,0.0,0.0,0.0,400,0,0,0,0,156,-2.1381318734412154,53.43223393239978
156,N157,0,1,0,0.0,0.0,0.0,0.0,400,0,0,0,0,157,-2.138068255480613,53.432216379608015
157,N158,0,1,0,0.0,0.0,0.0,0.0,400,0,0,0,0,158,-2.1378143459619467,53.43244025370174
158,N159,0,1,0,0.0,0.0,0.0,0.0,400,0,0,0,0,159,-2.1378926606440967,53.432320570956335
159,N160,0,1,0,0.0,0.0,0.0,0.0,400,0,0,0,0,160,-2.138335480099857,53.43210742566964
160,N161,0,1,0,0.0,0.0,0.0,0.0,400,0,0,0,0,161,-2.1388658783466314,53.43218965624705
161,N162,0,1,0,0.0,0.0,0.0,0.0,400,0,0,0,0,162,-2.1382054189009208,53.432430147360826
162,N163,0,1,0,0.0,0.0,0.0,0.0,400,0,0,0,0,163,-2.1380222542962235,53.43239107073674
163,N164,0,1,0,0.0,0.0,0.0,0.0,400,0,0,0,0,164,-2.138130268026516,53.43223548927292
164,N165,0,1,0,0.0,0.0,0.0,0.0,400,0,0,0,0,165,-2.1380676246694454,53.432212155736146
165,N166,0,1,0,0.0,0.0,0.0,0.0,400,0,0,0,0,166,-2.137779947604151,53.43246152433034
166,N167,0,1,0,0.0,0.0,0.0,0.0,400,0,0,0,0,167,-2.137889975045713,53.43231856962337
167,N168,0,1,0,0.0,0.0,0.0,0.0,400,0,0,0,0,168,-2.1383481974094263,53.43209328096676
168,N169,0,1,0,0.0,0.0,0.0,0.0,400,0,0,0,0,169,-2.1388663070562104,53.43219188489963
169,N170,0,1,0,0.0,0.0,0.0,0.0,400,0,0,0,0,170,-2.1382292902836677,53.43244408784052
170,N171,0,1,0,0.0,0.0,0.0,0.0,400,0,0,0,0,171,-2.13795070084338,53.43243744440135
171,N172,0,1,0,0.0,0.0,0.0,0.0,400,0,0,0,0,172,-2.1381292943777046,53.432236928563405
172,N173,0,1,0,0.0,0.0,0.0,0.0,400,0,0,0,0,173,-2.138066455580247,53.43220902908651
173,N174,0,1,0,0.0,0.0,0.0,0.0,400,0,0,0,0,174,-2.1377397841781587,53.432487313843865
174,N175,0,1,0,0.0,0.0,0.0,0.0,400,0,0,0,0,175,-2.1377349937555885,53.432434925322696
175,N176,0,1,0,0.0,0.0,0.0,0.0,400,0,0,0,0,176,-2.1378891441739456,53.43231762679017
176,N177,0,1,0,0.0,0.0,0.0,0.0,400,0,0,0,0,177,-2.1383528803371155,53.432084655546106
177,N178,0,1,0,0.0005297421875,0.0001741178368739311,0.0,0.0,400,0,0,0,0,178,-2.138281725172829,53.43247076787118
178,N179,0,1,0,0.0,0.0,0.0,0.0,400,0,0,0,0,179,-2.1379386551253523,53.432445260369235
179,N180,0,1,0,0.0,0.0,0.0,0.0,400,0,0,0,0,180,-2.1379775548434843,53.43245217246964
180,N181,0,1,0,0.0,0.0,0.0,0.0,400,0,0,0,0,181,-2.1381289383489044,53.432238528931656
181,N182,0,1,0,0.0,0.0,0.0,0.0,400,0,0,0,0,182,-2.138063961121158,53.43220563431615
182,N183,0,1,0,0.0,0.0,0.0,0.0,400,0,0,0,0,183,-2.1377335952936383,53.43249108718134
183,N184,0,1,0,0.0,0.0,0.0,0.0,400,0,0,0,0,184,-2.1377304534590063,53.432431874472464
184,N185,0,1,0,0.0,0.0,0.0,0.0,400,0,0,0,0,185,-2.137888098476859,53.432315416824714
185,N186,0,1,0,0.0,0.0,0.0,0.0,400,0,0,0,0,186,-2.1383553725100364,53.432078091037575
186,N187,0,1,0,0.0,0.0,0.0,0.0,400,0,0,0,0,187,-2.137891434172263,53.432476118632756
187,N188,0,1,0,0.0,0.0,0.0,0.0,400,0,0,0,0,188,-2.13808551098523,53.432515137876905
188,N189,0,1,0,0.0,0.0,0.0,0.0,400,0,0,0,0,189,-2.138129033151916,53.43223991305324
189,N190,0,1,0,0.0,0.0,0.0,0.0,400,0,0,0,0,190,-2.138060445173983,53.43220285194763
190,N191,0,1,0,0.0,0.0,0.0,0.0,400,0,0,0,0,191,-2.137709200216075,53.43250594641028
191,N192,0,1,0,0.0,0.0,0.0,0.0,400,0,0,0,0,192,-2.137730128981529,53.432489688977235
192,N193,0,1,0,0.0,0.0,0.0,0.0,400,0,0,0,0,193,-2.1377271010687573,53.43242847169775
193,N194,0,1,0,0.0,0.0,0.0,0.0,400,0,0,0,0,194,-2.137886228565095,53.43230967532588
194,N195,0,1,0,0.0,0.0,0.0,0.0,400,0,0,0,0,195,-2.1383566172602255,53.43207208526453
195,N196,0,1,0,0.0,0.0,0.0,0.0,400,0,0,0,0,196,-2.137806783415328,53.43253102846941
196,N197,0,1,0,0.0,0.0,0.0,0.0,400,0,0,0,0,197,-2.138106607644551,53.432527445684705
197,N198,0,1,0,0.0,0.0,0.0,0.0,400,0,0,0,0,198,-2.1380738251850877,53.43252254895829
198,N199,0,1,0,0.0,0.0,0.0,0.0,400,0,0,0,0,199,-2.1381298362319536,53.432241566009715
199,N200,0,1,0,0.0,0.0,0.0,0.0,400,0,0,0,0,200,-2.1380560716079753,53.43220016045722
200,N201,0,1,0,0.0,0.0,0.0,0.0,400,0,0,0,0,201,-2.137699481604436,53.432511979940074
201,N202,0,1,0,0.0,0.0,0.0,0.0,400,0,0,0,0,202,-2.137727794448194,53.432489197305685
202,N203,0,1,0,0.0,0.0,0.0,0.0,400,0,0,0,0,203,-2.1377251198768583,53.43242554373034
203,N204,0,1,0,0.0,0.0,0.0,0.0,400,0,0,0,0,204,-2.1378855251673774,53.43230626949198
204,N205,0,1,0,0.0,0.0,0.0,0.0,400,0,0,0,0,205,-2.1383556446546583,53.43206458997092
205,N206,0,1,0,0.0,0.0,0.0,0.0,400,0,0,0,0,206,-2.137843570760148,53.43255024833207
206,N207,0,1,0,0.0,0.0,0.0,0.0,400,0,0,0,0,207,-2.1377849898379453,53.432545156637104
207,N208,0,1,0,0.0008154184027777775,0.00026801506806339165,0.0,0.0,400,0,0,0,0,208,-2.138176600665065,53.43254279786968
208,N209,0,1,0,0.0,0.0,0.0,0.0,400,0,0,0,0,209,-2.1380724442993797,53.43252372805291
209,N210,0,1,0,0.0,0.0,0.0,0.0,400,0,0,0,0,210,-2.1381334294862238,53.43224497748268
210,N211,0,1,0,0.0,0.0,0.0,0.0,400,0,0,0,0,211,-2.138049195304239,53.4321961595412
211,N212,0,1,0,0.0,0.0,0.0,0.0,400,0,0,0,0,212,-2.137725461254117,53.43248911910423
212,N213,0,1,0,0.0,0.0,0.0,0.0,400,0,0,0,0,213,-2.137724329210919,53.43242307280196
213,N214,0,1,0,0.0,0.0,0.0,0.0,400,0,0,0,0,214,-2.1378840128280854,53.432304042089136
214,N215,0,1,0,0.0,0.0,0.0,0.0,400,0,0,0,0,215,-2.1383518373587167,53.43205090487919
215,N216,0,1,0,0.0,0.0,0.0,0.0,400,0,0,0,0,216,-2.13795841690793,53.432616765339226
216,N217,0,1,0,0.0,0.0,0.0,0.0,400,0,0,0,0,217,-2.1377462713973725,53.43257098942509
217,N218,0,1,0,0.0,0.0,0.0,0.0,400,0,0,0,0,218,-2.1380717705275214,53.43252481644348
218,N219,0,1,0,0.0,0.0,0.0,0.0,400,0,0,0,0,219,-2.1381393454560462,53.43224987835808
219,N220,0,1,0,0.0,0.0,0.0,0.0,400,0,0,0,0,220,-2.138030301008114,53.43218530531257
220,N221,0,1,0,0.0,0.0,0.0,0.0,400,0,0,0,0,221,-2.13772299417156,53.43248952643723
221,N222,0,1,0,0.0,0.0,0.0,0.0,400,0,0,0,0,222,-2.137723318716717,53.43241778872222
222,N223,0,1,0,0.0,0.0,0.0,0.0,400,0,0,0,0,223,-2.1378806579582723,53.432299875297694
223,N224,0,1,0,0.0,0.0,0.0,0.0,400,0,0,0,0,224,-2.1383451927635853,53.43203947919708
224,N225,0,1,0,0.001007921006944445,0.00033128761425851367,0.0,0.0,400,0,0,0,0,225,-2.1380263513223587,53.43262386853725
225,N226,0,1,0,0.0,0.0,0.0,0.0,400,0,0,0,0,226,-2.137732423972122,53.43258020067329
226,N227,0,1,0,0.0,0.0,0.0,0.0,400,0,0,0,0,227,-2.1380716832265816,53.432525742361655
227,N228,0,1,0,0.0,0.0,0.0,0.0,400,0,0,0,0,228,-2.138028687538732,53.432184381363335
228,N229,0,1,0,0.0,0.0,0.0,0.0,400,0,0,0,0,229,-2.1377199874009474,53.43249059954367
229,N230,0,1,0,0.0,0.0,0.0,0.0,400,0,0,0,0,230,-2.1377219357577926,53.43241368256821
230,N231,0,1,0,0.0,0.0,0.0,0.0,400,0,0,0,0,231,-2.1378785595880894,53.432297945193504
231,N232,0,1,0,0.0,0.0,0.0,0.0,400,0,0,0,0,232,-2.1383395242155907,53.43203198036353
232,N233,0,1,0,0.0,0.0,0.0,0.0,400,0,0,0,0,233,-2.1378675558374103,53.43265033468027
233,N234,0,1,0,0.0,0.0,0.0,0.0,400,0,0,0,0,234,-2.1377210997583784,53.43258774613008
234,N235,0,1,0,0.0,0.0,0.0,0.0,400,0,0,0,0,235,-2.1380724551859043,53.43252708075646
235,N236,0,1,0,0.0,0.0,0.0,0.0,400,0,0,0,0,236,-2.1380278585338224,53.43218401379393
236,N237,0,1,0,0.0,0.0,0.0,0.0,400,0,0,0,0,237,-2.1377175227053926,53.43249174393202
237,N238,0,1,0,0.0,0.0,0.0,0.0,400,0,0,0,0,238,-2.137720316405814,53.432410942941566
238,N239,0,1,0,0.0,0.0,0.0,0.0,400,0,0,0,0,239,-2.1378766743526056,53.43229676088956
239,N240,0,1,0,0.0,0.0,0.0,0.0,400,0,0,0,0,240,-2.1383344825567883,53.43202749195522
240,N241,0,1,0,0.0,0.0,0.0,0.0,400,0,0,0,0,241,-2.137886479730653,53.43266098216379
241,N242,0,1,0,0.0,0.0,0.0,0.0,400,0,0,0,0,242,-2.138074100114193,53.4325284181403
242,N243,0,1,0,0.0,0.0,0.0,0.0,400,0,0,0,0,243,-2.1380268043172825,53.43218381726702
243,N244,0,1,0,0.0,0.0,0.0,0.0,400,0,0,0,0,244,-2.1377160215469626,53.43249296810402
244,N245,0,1,0,0.0,0.0,0.0,0.0,400,0,0,0,0,245,-2.137717749734302,53.432408483053095
245,N246,0,1,0,0.0,0.0,0.0,0.0,400,0,0,0,0,246,-2.1378543861851687,53.43228363646354
246,N247,0,1,0,0.0,0.0,0.0,0.0,400,0,0,0,0,247,-2.1383222016197827,53.43201846375642
247,N248,0,1,0,0.0005896493055555551,0.0001938083543658657,0.0,0.0,400,0,0,0,0,248,-2.137966263090798,53.43265989214365
248,N249,0,1,0,0.0002992300347222225,9.835215620531387e-05,0.0,0.0,400,0,0,0,0,249,-2.137966263090798,53.43265989214365
249,N250,0,1,0,0.0,0.0,0.0,0.0,400,0,0,0,0,250,-2.1380771312404985,53.43253021233309
250,N251,0,1,0,0.0,0.0,0.0,0.0,400,0,0,0,0,251,-2.138025750859332,53.432183854440616
251,N252,0,1,0,0.0,0.0,0.0,0.0,400,0,0,0,0,252,-2.1377154834308443,53.43249411925552
252,N253,0,1,0,0.0,0.0,0.0,0.0,400,0,0,0,0,253,-2.1377128181120053,53.43240543265419
253,N254,0,1,0,0.0,0.0,0.0,0.0,400,0,0,0,0,254,-2.1378476911702613,53.43227984206221
254,N255,0,1,0,0.0,0.0,0.0,0.0,400,0,0,0,0,255,-2.1382682205861165,53.43204380207668
255,N256,0,1,0,0.0,0.0,0.0,0.0,400,0,0,0,0,256,-2.138314069654799,53.432012486838744
256,N257,0,1,0,0.0,0.0,0.0,0.0,400,0,0,0,0,257,-2.1380884555831936,53.432536634994854
257,N258,0,1,0,0.0,0.0,0.0,0.0,400,0,0,0,0,258,-2.1380246378098096,53.432184080442056
258,N259,0,1,0,0.0,0.0,0.0,0.0,400,0,0,0,0,259,-2.137715353006463,53.43249567441929
259,N260,0,1,0,0.0,0.0,0.0,0.0,400,0,0,0,0,260,-2.1376936971391642,53.43239429999055
260,N261,0,1,0,0.0,0.0,0.0,0.0,400,0,0,0,0,261,-2.137845913100714,53.43227921492187
261,N262,0,1,0,0.0,0.0,0.0,0.0,400,0,0,0,0,262,-2.1382606459501057,53.432047217508206
262,N263,0,1,0,0.0,0.0,0.0,0.0,400,0,0,0,0,263,-2.13828210598287,53.43199081664858
263,N264,0,1,0,0.0002930407986111112,9.631785267239255e-05,0.0,0.0,400,0,0,0,0,264,-2.1381165126749058,53.43257882155198
264,N265,0,1,0,0.0,0.0,0.0,0.0,400,0,0,0,0,265,-2.138022578293604,53.432184846850056
265,N266,0,1,0,0.0,0.0,0.0,0.0,400,0,0,0,0,266,-2.137715900409058,53.432497390593426
266,N267,0,1,0,0.0,0.0,0.0,0.0,400,0,0,0,0,267,-2.137689083369598,53.43239179752303
267,N268,0,1,0,0.0,0.0,0.0,0.0,400,0,0,0,0,268,-2.1378790683744495,53.4322552581449
268,N269,0,1,0,0.0,0.0,0.0,0.0,400,0,0,0,0,269,-2.1378441366920846,53.43227910012494
269,N270,0,1,0,0.0,0.0,0.0,0.0,400,0,0,0,0,270,-2.13825756648251,53.43204906372495
270,N271,0,1,0,0.0,0.0,0.0,0.0,400,0,0,0,0,271,-2.1382326066833137,53.43201508012145
271,N272,0,1,0,0.0,0.0,0.0,0.0,400,0,0,0,0,272,-2.1382713659684445,53.431983539417956
272,N273,0,1,0,0.0,0.0,0.0,0.0,400,0,0,0,0,273,-2.1380206850976173,53.432185846766906
273,N274,0,1,0,0.0,0.0,0.0,0.0,400,0,0,0,0,274,-2.1377172745493684,53.43249877323755
274,N275,0,1,0,0.0,0.0,0.0,0.0,400,0,0,0,0,275,-2.1376867022334385,53.43239085647871
275,N276,0,1,0,0.0005334965277777775,0.00017535182884866933,0.0,0.0,400,0,0,0,0,276,-2.1379046589012036,53.432228514680226
276,N277,0,1,0,0.0,0.0,0.0,0.0,400,0,0,0,0,277,-2.1378420443851835,53.43227903962429
277,N278,0,1,0,0.0,0.0,0.0,0.0,400,0,0,0,0,278,-2.138255031627665,53.43205176321912
278,N279,0,1,0,0.0,0.0,0.0,0.0,400,0,0,0,0,279,-2.138228773789886,53.432016657555494
279,N280,0,1,0,0.0,0.0,0.0,0.0,400,0,0,0,0,280,-2.1382322982181443,53.4319572303901
280,N281,0,1,0,0.0,0.0,0.0,0.0,400,0,0,0,0,281,-2.1380144832144974,53.432190231353275
281,N282,0,1,0,0.0,0.0,0.0,0.0,400,0,0,0,0,282,-2.1377238641124063,53.43250253181379
282,N283,0,1,0,0.0,0.0,0.0,0.0,400,0,0,0,0,283,-2.1376848951071032,53.43239055295609
283,N284,0,1,0,0.0,0.0,0.0,0.0,400,0,0,0,0,284,-2.1378401634055715,53.43227916763814
284,N285,0,1,0,0.0,0.0,0.0,0.0,400,0,0,0,0,285,-2.1382525177851917,53.432056296346104
285,N286,0,1,0,0.0,0.0,0.0,0.0,400,0,0,0,0,286,-2.1382253454910827,53.4320176862209
286,N287,0,1,0,0.0,0.0,0.0,0.0,400,0,0,0,0,287,-2.1382147856042217,53.43194543079416
287,N288,0,1,0,0.0,0.0,0.0,0.0,400,0,0,0,0,288,-2.138242907295085,53.43195201373878
288,N289,0,1,0,0.000280696180555555,9.226037293302721e-05,0.0,0.0,400,0,0,0,0,289,-2.137964717413834,53.43218350262064
289,N290,0,1,0,0.0,0.0,0.0,0.0,400,0,0,0,0,290,-2.1377323699222286,53.43250775330403
290,N291,0,1,0,0.0,0.0,0.0,0.0,400,0,0,0,0,291,-2.137693002639292,53.43238434151763
291,N292,0,1,0,0.0,0.0,0.0,0.0,400,0,0,0,0,292,-2.1376832694675945,53.432390518879295
292,N293,0,1,0,0.0,0.0,0.0,0.0,400,0,0,0,0,293,-2.1378383887743,53.43227960113852
293,N294,0,1,0,0.0,0.0,0.0,0.0,400,0,0,0,0,294,-2.138250273253308,53.432060334792396
294,N295,0,1,0,0.0,0.0,0.0,0.0,400,0,0,0,0,295,-2.138220110662111,53.432018591141286
295,N296,0,1,0,0.0,0.0,0.0,0.0,400,0,0,0,0,296,-2.1382071664532853,53.431939776861235
296,N297,0,1,0,0.0,0.0,0.0,0.0,400,0,0,0,0,297,-2.1382906317315356,53.43193275892344
297,N298,0,1,0,0.0,0.0,0.0,0.0,400,0,0,0,0,298,-2.137696726094494,53.432381487858095
298,N299,0,1,0,0.0,0.0,0.0,0.0,400,0,0,0,0,299,-2.137682141068672,53.432390655010074
299,N300,0,1,0,0.0,0.0,0.0,0.0,400,0,0,0,0,300,-2.1378365090183795,53.43228010666856
300,N301,0,1,0,0.0,0.0,0.0,0.0,400,0,0,0,0,301,-2.138247467975692,53.432063187404715
301,N302,0,1,0,0.0,0.0,0.0,0.0,400,0,0,0,0,302,-2.138196219914786,53.43202177380423
302,N303,0,1,0,0.0,0.0,0.0,0.0,400,0,0,0,0,303,-2.1381554245737204,53.431903819844166
303,N304,0,1,0,0.0,0.0,0.0,0.0,400,0,0,0,0,304,-2.138299132255416,53.43192711326396
304,N305,0,1,0,0.0,0.0,0.0,0.0,400,0,0,0,0,305,-2.137703567143775,53.43237692727414
305,N306,0,1,0,0.0,0.0,0.0,0.0,400,0,0,0,0,306,-2.137680953221879,53.432391024910906
306,N307,0,1,0,0.0,0.0,0.0,0.0,400,0,0,0,0,307,-2.1378278555209986,53.432285033390286
307,N308,0,1,0,0.0,0.0,0.0,0.0,400,0,0,0,0,308,-2.1382434753031774,53.432066544750626
308,N309,0,1,0,0.0,0.0,0.0,0.0,400,0,0,0,0,309,-2.1381917375183197,53.432022641897134
309,N310,0,1,0,0.0,0.0,0.0,0.0,400,0,0,0,0,310,-2.1381515026782574,53.43190116378782
310,N311,0,1,0,0.0,0.0,0.0,0.0,400,0,0,0,0,311,-2.1383018049852685,53.43192515965572
311,N312,0,1,0,0.0,0.0,0.0,0.0,400,0,0,0,0,312,-2.1377173946836012,53.43236856546659
312,N313,0,1,0,0.0,0.0,0.0,0.0,400,0,0,0,0,313,-2.137678939424968,53.432391971030476
313,N314,0,1,0,0.000319180555555555,0.00010490957529327002,0.0,0.0,400,0,0,0,0,314,-2.137784483244482,53.43230056174442
314,N315,0,1,0,0.0,0.0,0.0,0.0,400,0,0,0,0,315,-2.138238533480319,53.43206961556441
315,N316,0,1,0,0.0,0.0,0.0,0.0,400,0,0,0,0,316,-2.1381885645595196,53.432023508472255
316,N317,0,1,0,0.0,0.0,0.0,0.0,400,0,0,0,0,317,-2.138143672425369,53.43190465141633
317,N318,0,1,0,0.0,0.0,0.0,0.0,400,0,0,0,0,318,-2.13807967172208,53.431852511263195
318,N319,0,1,0,0.0,0.0,0.0,0.0,400,0,0,0,0,319,-2.138302975336251,53.43192404372215
319,N320,0,1,0,0.0005526675347222225,0.000181653034111582,0.0,0.0,400,0,0,0,0,320,-2.137739446384349,53.432336567843976
320,N321,0,1,0,0.0,0.0,0.0,0.0,400,0,0,0,0,321,-2.137672195257249,53.43239623937437
321,N322,0,1,0,0.0,0.0,0.0,0.0,400,0,0,0,0,322,-2.138232403823612,53.43207305628429
322,N323,0,1,0,0.0,0.0,0.0,0.0,400,0,0,0,0,323,-2.138185001062987,53.43202461818983
323,N324,0,1,0,0.0,0.0,0.0,0.0,400,0,0,0,0,324,-2.1381048124524455,53.43192373411215
324,N325,0,1,0,0.0,0.0,0.0,0.0,400,0,0,0,0,325,-2.1380461810535443,53.43182865856843
325,N326,0,1,0,0.0,0.0,0.0,0.0,400,0,0,0,0,326,-2.138303905310102,53.43192306289512
326,N327,0,1,0,0.000278014756944445,9.137903161280404e-05,0.0,0.0,400,0,0,0,0,327,-2.137649285144824,53.43238161454642
327,N328,0,1,0,0.0,0.0,0.0,0.0,400,0,0,0,0,328,-2.1382288731142784,53.43207499290861
328,N329,0,1,0,0.0,0.0,0.0,0.0,400,0,0,0,0,329,-2.1381817092438915,53.43202596129386
329,N330,0,1,0,0.0,0.0,0.0,0.0,400,0,0,0,0,330,-2.1380909865140203,53.43193020388079
330,N331,0,1,0,0.0,0.0,0.0,0.0,400,0,0,0,0,331,-2.137939743361049,53.43188060954233
331,N332,0,1,0,0.0,0.0,0.0,0.0,400,0,0,0,0,332,-2.1379823515243173,53.43178235081265
332,N333,0,1,0,0.0,0.0,0.0,0.0,400,0,0,0,0,333,-2.1383047142037213,53.43192187547269
333,N334,0,1,0,0.0,0.0,0.0,0.0,400,0,0,0,0,334,-2.1382125552773554,53.43208349698469
334,N335,0,1,0,0.0,0.0,0.0,0.0,400,0,0,0,0,335,-2.1381545397993125,53.432039160955036
335,N336,0,1,0,0.0,0.0,0.0,0.0,400,0,0,0,0,336,-2.1380613074406036,53.43194459291176
336,N337,0,1,0,0.0005247456597222225,0.00017247555761229093,0.0,0.0,400,0,0,0,0,337,-2.137903609487002,53.43190492932366
337,N338,0,1,0,0.0,0.0,0.0,0.0,400,0,0,0,0,338,-2.1379038964423667,53.43182169533219
338,N339,0,1,0,0.0,0.0,0.0,0.0,400,0,0,0,0,339,-2.137970748505079,53.4317739339108
339,N340,0,1,0,0.0,0.0,0.0,0.0,400,0,0,0,0,340,-2.138305177626545,53.43192090417538
340,N341,0,1,0,0.0,0.0,0.0,0.0,400,0,0,0,0,341,-2.1382055958524453,53.43208633643451
341,N342,0,1,0,0.0005739401041666663,0.00018864498956428424,0.0,0.0,400,0,0,0,0,342,-2.138084688115928,53.43204853599984
342,N343,0,1,0,0.0,0.0,0.0,0.0,400,0,0,0,0,343,-2.1380369780951773,53.43195638704914
343,N344,0,1,0,0.0,0.0,0.0,0.0,400,0,0,0,0,344,-2.1380711269936405,53.43195116113446
344,N345,0,1,0,0.0,0.0,0.0,0.0,400,0,0,0,0,345,-2.1378641952456396,53.431841291268405
345,N346,0,1,0,0.0,0.0,0.0,0.0,400,0,0,0,0,346,-2.1379608365740537,53.431766709624895
346,N347,0,1,0,0.0,0.0,0.0,0.0,400,0,0,0,0,347,-2.1383054006722997,53.43192006798466
347,N348,0,1,0,0.0,0.0,0.0,0.0,400,0,0,0,0,348,-2.1382029795144586,53.432087121468136
348,N349,0,1,0,0.000677085069444445,0.00022254710018031586,0.0,0.0,400,0,0,0,0,349,-2.1379941194795427,53.43196774421436
349,N350,0,1,0,0.0,0.0,0.0,0.0,400,0,0,0,0,350,-2.1380720486643363,53.431952256666094
350,N351,0,1,0,0.0,0.0,0.0,0.0,400,0,0,0,0,351,-2.1378604231699185,53.4318430573792
351,N352,0,1,0,0.0,0.0,0.0,0.0,400,0,0,0,0,352,-2.137952769810442,53.43176224267772
352,N353,0,1,0,0.0,0.0,0.0,0.0,400,0,0,0,0,353,-2.138305398187334,53.43191930396367
353,N354,0,1,0,0.0,0.0,0.0,0.0,400,0,0,0,0,354,-2.138200858487435,53.43208748346733
354,N355,0,1,0,0.0,0.0,0.0,0.0,400,0,0,0,0,355,-2.1380729707144974,53.431953469047976
355,N356,0,1,0,0.0,0.0,0.0,0.0,400,0,0,0,0,356,-2.1378590261419994,53.43184389492655
356,N357,0,1,0,0.0,0.0,0.0,0.0,400,0,0,0,0,357,-2.1379413608412645,53.43175750095281
357,N358,0,1,0,0.0,0.0,0.0,0.0,400,0,0,0,0,358,-2.138305290784083,53.431918674892124
358,N359,0,1,0,0.0,0.0,0.0,0.0,400,0,0,0,0,359,-2.138199248231462,53.43208754825342
359,N360,0,1,0,0.0,0.0,0.0,0.0,400,0,0,0,0,360,-2.1380731851932744,53.43195462831816
360,N361,0,1,0,0.0,0.0,0.0,0.0,400,0,0,0,0,361,-2.1378581854453893,53.43184456104882
361,N362,0,1,0,0.0,0.0,0.0,0.0,400,0,0,0,0,362,-2.1379339319053297,53.4317547860271
362,N363,0,1,0,0.0,0.0,0.0,0.0,400,0,0,0,0,363,-2.1383049272804255,53.431917974209526
363,N364,0,1,0,0.0,0.0,0.0,0.0,400,0,0,0,0,364,-2.138198435271226,53.43208748627611
364,N365,0,1,0,0.0,0.0,0.0,0.0,400,0,0,0,0,365,-2.138072767705771,53.43195584225131
365,N366,0,1,0,0.0,0.0,0.0,0.0,400,0,0,0,0,366,-2.137857902187459,53.43184539730833
366,N367,0,1,0,0.0,0.0,0.0,0.0,400,0,0,0,0,367,-2.1379219548538417,53.431751231441694
367,N368,0,1,0,0.0,0.0,0.0,0.0,400,0,0,0,0,368,-2.138304232684627,53.43191728289952
368,N369,0,1,0,0.0,0.0,0.0,0.0,400,0,0,0,0,369,-2.138197530661032,53.4320870109333
369,N370,0,1,0,0.0,0.0,0.0,0.0,400,0,0,0,0,370,-2.1380714483556713,53.43195742575801
370,N371,0,1,0,0.0,0.0,0.0,0.0,400,0,0,0,0,371,-2.1378579054511846,53.43184640401837
371,N372,0,1,0,0.0,0.0,0.0,0.0,400,0,0,0,0,372,-2.13790913935507,53.43174903509088
372,N373,0,1,0,0.0,0.0,0.0,0.0,400,0,0,0,0,373,-2.13829964599259,53.4319138456183
373,N374,0,1,0,0.0,0.0,0.0,0.0,400,0,0,0,0,374,-2.138196308401734,53.43208605057883
374,N375,0,1,0,0.0,0.0,0.0,0.0,400,0,0,0,0,375,-2.1380690152324315,53.43195901055445
375,N376,0,1,0,0.0,0.0,0.0,0.0,400,0,0,0,0,376,-2.1378581954988505,53.431847662075256
376,N377,0,1,0,0.0,0.0,0.0,0.0,400,0,0,0,0,377,-2.137894310329105,53.43174785676984
377,N378,0,1,0,0.0,0.0,0.0,0.0,400,0,0,0,0,378,-2.1382650798707825,53.431887944850835
378,N379,0,1,0,0.0,0.0,0.0,0.0,400,0,0,0,0,379,-2.138320825983369,53.4319148277624
379,N380,0,1,0,0.0,0.0,0.0,0.0,400,0,0,0,0,380,-2.138191552458275,53.4320814809367
380,N381,0,1,0,0.0,0.0,0.0,0.0,400,0,0,0,0,381,-2.1380520356312824,53.43196765919139
381,N382,0,1,0,0.0,0.0,0.0,0.0,400,0,0,0,0,382,-2.1378587559099325,53.43184874903774
382,N383,0,1,0,0.0,0.0,0.0,0.0,400,0,0,0,0,383,-2.1378834881691984,53.43174769850406
383,N384,0,1,0,0.0,0.0,0.0,0.0,400,0,0,0,0,384,-2.138231466354698,53.43186338225777
384,N385,0,1,0,0.0,0.0,0.0,0.0,400,0,0,0,0,385,-2.138448898183218,53.431929618026956
385,N386,0,1,0,0.0,0.0,0.0,0.0,400,0,0,0,0,386,-2.138334735933583,53.43192494168187
386,N387,0,1,0,0.00027503298611111126,9.039897093460131e-05,0.0,0.0,400,0,0,0,0,387,-2.138160030822169,53.43207541426534
387,N388,0,1,0,0.0002550286458333337,8.382386225070652e-05,0.0,0.0,400,0,0,0,0,388,-2.138039418344216,53.43201263435692
388,N389,0,1,0,0.0,0.0,0.0,0.0,400,0,0,0,0,389,-2.1378596011817166,53.431849494107226
389,N390,0,1,0,0.0,0.0,0.0,0.0,400,0,0,0,0,390,-2.137870667560314,53.43174856723908
390,N391,0,1,0,0.0,0.0,0.0,0.0,400,0,0,0,0,391,-2.1382299772550675,53.43186228558752
391,N392,0,1,0,0.0,0.0,0.0,0.0,400,0,0,0,0,392,-2.1384958881183858,53.43193442624007
392,N393,0,1,0,0.0,0.0,0.0,0.0,400,0,0,0,0,393,-2.138408754686755,53.43197974864652
393,N394,0,1,0,0.0,0.0,0.0,0.0,400,0,0,0,0,394,-2.1378614259017046,53.43185058859632
394,N395,0,1,0,0.0,0.0,0.0,0.0,400,0,0,0,0,395,-2.1378524491803854,53.431751141043435
395,N396,0,1,0,0.0,0.0,0.0,0.0,400,0,0,0,0,396,-2.138278907737642,53.431840424506284
396,N397,0,1,0,0.0,0.0,0.0,0.0,400,0,0,0,0,397,-2.138202680134549,53.431842184753314
397,N398,0,1,0,0.0,0.0,0.0,0.0,400,0,0,0,0,398,-2.1385005714610403,53.43193518482369
398,N399,0,1,0,0.0,0.0,0.0,0.0,400,0,0,0,0,399,-2.138414155874658,53.43198371530042
399,N400,0,1,0,0.0,0.0,0.0,0.0,400,0,0,0,0,400,-2.1378681653328826,53.431854176209875
400,N401,0,1,0,0.0,0.0,0.0,0.0,400,0,0,0,0,401,-2.137839348662828,53.431753879710136
401,N402,0,1,0,0.0,0.0,0.0,0.0,400,0,0,0,0,402,-2.138283492049842,53.43183850463542
402,N403,0,1,0,0.0,0.0,0.0,0.0,400,0,0,0,0,403,-2.138189118400679,53.431832681633864
403,N404,0,1,0,0.0,0.0,0.0,0.0,400,0,0,0,0,404,-2.13850395793117,53.43193518088981
404,N405,0,1,0,0.0,0.0,0.0,0.0,400,0,0,0,0,405,-2.1384166146582597,53.43198539329845
405,N406,0,1,0,0.0005898046875,0.00019385942594123657,0.0,0.0,400,0,0,0,0,406,-2.137873449263383,53.43188698717214
406,N407,0,1,0,0.0,0.0,0.0,0.0,400,0,0,0,0,407,-2.137827681826258,53.43175780320222
407,N408,0,1,0,0.0,0.0,0.0,0.0,400,0,0,0,0,408,-2.138286243274195,53.43183754866175
408,N409,0,1,0,0.0,0.0,0.0,0.0,400,0,0,0,0,409,-2.138150010195838,53.43180312777104
409,N410,0,1,0,0.0,0.0,0.0,0.0,400,0,0,0,0,410,-2.13819305374373,53.43183021421915
410,N411,0,1,0,0.0,0.0,0.0,0.0,400,0,0,0,0,411,-2.13850735778346,53.43193466459485
411,N412,0,1,0,0.0,0.0,0.0,0.0,400,0,0,0,0,412,-2.1384187544744946,53.43198618180367
412,N413,0,1,0,0.0,0.0,0.0,0.0,400,0,0,0,0,413,-2.137816874521207,53.431762229056524
413,N414,0,1,0,0.0,0.0,0.0,0.0,400,0,0,0,0,414,-2.138288198113813,53.43183699809493
414,N415,0,1,0,0.0,0.0,0.0,0.0,400,0,0,0,0,415,-2.13809281754728,53.431761756966495
415,N416,0,1,0,0.0,0.0,0.0,0.0,400,0,0,0,0,416,-2.138193999879041,53.43182957493788
416,N417,0,1,0,0.0,0.0,0.0,0.0,400,0,0,0,0,417,-2.1385196688404315,53.43192983244791
417,N418,0,1,0,0.0,0.0,0.0,0.0,400,0,0,0,0,418,-2.1384225508660153,53.431987265006626
418,N419,0,1,0,0.0,0.0,0.0,0.0,400,0,0,0,0,419,-2.1378045970009913,53.431768130725835
419,N420,0,1,0,0.0,0.0,0.0,0.0,400,0,0,0,0,420,-2.1382915221215386,53.43183630212376
420,N421,0,1,0,0.0,0.0,0.0,0.0,400,0,0,0,0,421,-2.1380807638444734,53.431753141951106
421,N422,0,1,0,0.0,0.0,0.0,0.0,400,0,0,0,0,422,-2.1381945400770874,53.43182907095485
422,N423,0,1,0,0.0,0.0,0.0,0.0,400,0,0,0,0,423,-2.138522207507022,53.43192831043925
423,N424,0,1,0,0.0,0.0,0.0,0.0,400,0,0,0,0,424,-2.1384659381862887,53.431999636755975
424,N425,0,1,0,0.0,0.0,0.0,0.0,400,0,0,0,0,425,-2.1377841449111417,53.43177809566186
425,N426,0,1,0,0.0,0.0,0.0,0.0,400,0,0,0,0,426,-2.1377841449111417,53.43177809566186
426,N427,0,1,0,0.0,0.0,0.0,0.0,400,0,0,0,0,427,-2.1383026376649066,53.43183410502102
427,N428,0,1,0,0.0,0.0,0.0,0.0,400,0,0,0,0,428,-2.1380777313723978,53.431750916310996
428,N429,0,1,0,0.0,0.0,0.0,0.0,400,0,0,0,0,429,-2.1381949592249403,53.43182836936476
429,N430,0,1,0,0.0,0.0,0.0,0.0,400,0,0,0,0,430,-2.1385239024696614,53.43192652874381
430,N431,0,1,0,0.0,0.0,0.0,0.0,400,0,0,0,0,431,-2.138482083602429,53.43200291678986
431,N432,0,1,0,0.0,0.0,0.0,0.0,400,0,0,0,0,432,-2.1377161805538205,53.43181243840874
432,N433,0,1,0,0.0,0.0,0.0,0.0,400,0,0,0,0,433,-2.1377161805538205,53.43181243840874
433,N434,0,1,0,0.0,0.0,0.0,0.0,400,0,0,0,0,434,-2.1383151378645526,53.431831897322425
434,N435,0,1,0,0.0,0.0,0.0,0.0,400,0,0,0,0,435,-2.1380763275805315,53.431749668532944
435,N436,0,1,0,0.0,0.0,0.0,0.0,400,0,0,0,0,436,-2.1381950625075077,53.4318277310604
436,N437,0,1,0,0.0,0.0,0.0,0.0,400,0,0,0,0,437,-2.138524317308724,53.4319245058457
437,N438,0,1,0,0.0,0.0,0.0,0.0,400,0,0,0,0,438,-2.1384876106281685,53.43200392607252
438,N439,0,1,0,0.0,0.0,0.0,0.0,400,0,0,0,0,439,-2.137619815205559,53.43186084497602
439,N440,0,1,0,0.0,0.0,0,0.0,400,0,0,0,0,440,-2.137619815205559,53.43186084497602
440,N441,0,1,0,0.0,0.0,0.0,0.0,400,0,0,0,0,441,-2.138322132313016,53.43183058587321
441,N442,0,1,0,0.0,0.0,0.0,0.0,400,0,0,0,0,442,-2.138075390804832,53.43174855504177
442,N443,0,1,0,0.0,0.0,0.0,0.0,400,0,0,0,0,443,-2.1381950602290094,53.43182702995876
443,N444,0,1,0,0.0,0.0,0.0,0.0,400,0,0,0,0,444,-2.138523467016797,53.43192222375052
444,N445,0,1,0,0.0,0.0,0.0,0.0,400,0,0,0,0,445,-2.138497816027678,53.4320041658967
445,N446,0,1,0,0.0,0.0,0.0,0.0,400,0,0,0,0,446,-2.1375504365199163,53.43189541397341
446,N447,0,1,0,0.0,0.0,0.0,0.0,400,0,0,0,0,447,-2.1375504365199163,53.43189541397341
447,N448,0,1,0,0.0,0.0,0.0,0.0,400,0,0,0,0,448,-2.138328539131075,53.43182907735799
448,N449,0,1,0,0.0,0.0,0.0,0.0,400,0,0,0,0,449,-2.1380749210744416,53.431747584826
449,N450,0,1,0,0.0,0.0,0.0,0.0,400,0,0,0,0,450,-2.1381948472373495,53.43182632910137
450,N451,0,1,0,0.0,0.0,0.0,0.0,400,0,0,0,0,451,-2.1385141013600624,53.43191640108445
451,N452,0,1,0,0.0,0.0,0.0,0.0,400,0,0,0,0,452,-2.138506742092062,53.43200440720617
452,N453,0,1,0,0.0,0.0,0.0,0.0,400,0,0,0,0,453,-2.1375299420927854,53.43190628675456
453,N454,0,1,0,0.0,0.0,0.0,0.0,400,0,0,0,0,454,-2.1375299420927854,53.43190628675456
454,N455,0,1,0,0.0,0.0,0.0,0.0,400,0,0,0,0,455,-2.1383343579385703,53.43182725492662
455,N456,0,1,0,0.0,0.0,0.0,0.0,400,0,0,0,0,456,-2.1380746752690314,53.431746048074366
456,N457,0,1,0,0.0,0.0,0.0,0.0,400,0,0,0,0,457,-2.138194529707037,53.4318258800436
457,N458,0,1,0,0.0007634019097222225,0.000250918073588884,0.0,0.0,400,0,0,0,0,458,-2.138520611322921,53.43187724853341
458,N459,0,1,0,0.0,0.0,0.0,0.0,400,0,0,0,0,459,-2.1385165052446418,53.432002876804845
459,N460,0,1,0,0.0,0.0,0.0,0.0,400,0,0,0,0,460,-2.1374692700486344,53.43193845471572
460,N461,0,1,0,0.0,0.0,0.0,0.0,400,0,0,0,0,461,-2.1374692700486344,53.43193845471572
461,N462,0,1,0,0.0,0.0,0.0,0.0,400,0,0,0,0,462,-2.1375679788011372,53.43193040400387
462,N463,0,1,0,0.0,0.0,0.0,0.0,400,0,0,0,0,463,-2.138343407229193,53.43182374789404
463,N464,0,1,0,0.0,0.0,0.0,0.0,400,0,0,0,0,464,-2.1380749115889643,53.43174466356918
464,N465,0,1,0,0.0,0.0,0.0,0.0,400,0,0,0,0,465,-2.1381940924118616,53.431825628871984
465,N466,0,1,0,0.0,0.0,0.0,0.0,400,0,0,0,0,466,-2.1385245626555167,53.43199982033679
466,N467,0,1,0,0.0,0.0,0.0,0.0,400,0,0,0,0,467,-2.1374018665992227,53.43197419884434
467,N468,0,1,0,0.0,0.0,0.0,0.0,400,0,0,0,0,468,-2.1374018665992227,53.43197419884434
468,N469,0,1,0,0.0,0.0,0.0,0.0,400,0,0,0,0,469,-2.137460160544167,53.43193267661435
469,N470,0,1,0,0.0,0.0,0.0,0.0,400,0,0,0,0,470,-2.137573859471158,53.43193373195787
470,N471,0,1,0,0.0,0.0,0.0,0.0,400,0,0,0,0,471,-2.138349358510874,53.43182100847954
471,N472,0,1,0,0.0,0.0,0.0,0.0,400,0,0,0,0,472,-2.138075599844812,53.43174340437983
472,N473,0,1,0,0.0,0.0,0.0,0.0,400,0,0,0,0,473,-2.1381935646065755,53.431825314885685
473,N474,0,1,0,0.0,0.0,0.0,0.0,400,0,0,0,0,474,-2.138562757778027,53.43198228430205
474,N475,0,1,0,0.0,0.0,0.0,0.0,400,0,0,0,0,475,-2.1373768633020096,53.43198709022274
475,N476,0,1,0,0.0,0.0,0.0,0.0,400,0,0,0,0,476,-2.1373768633020096,53.43198709022274
476,N477,0,1,0,0.0,0.0,0.0,0.0,400,0,0,0,0,477,-2.1375772063719745,53.43193545389099
477,N478,0,1,0,0.0,0.0,0.0,0.0,400,0,0,0,0,478,-2.1383530235700756,53.43181873912056
478,N479,0,1,0,0.0,0.0,0.0,0.0,400,0,0,0,0,479,-2.1380765285065775,53.43174201907284
479,N480,0,1,0,0.0,0.0,0.0,0.0,400,0,0,0,0,480,-2.138192705855891,53.43182505521407
480,N481,0,1,0,0.0,0.0,0.0,0.0,400,0,0,0,0,481,-2.1385640246078803,53.43198075478207
481,N482,0,1,0,0.0,0.0,0.0,0.0,400,0,0,0,0,482,-2.137323971687564,53.43201436838032
482,N483,0,1,0,0.0,0.0,0.0,0.0,400,0,0,0,0,483,-2.137323971687564,53.43201436838032
483,N484,0,1,0,0.0,0.0,0.0,0.0,400,0,0,0,0,484,-2.137482168516765,53.43205475123883
484,N485,0,1,0,0.0,0.0,0.0,0.0,400,0,0,0,0,485,-2.137579813041368,53.431936331757676
485,N486,0,1,0,0.0,0.0,0.0,0.0,400,0,0,0,0,486,-2.13835463024774,53.43181757773758
486,N487,0,1,0,0.0,0.0,0,0.0,400,0,0,0,0,487,-2.1380783912003003,53.43174090233963
487,N488,0,1,0,0.0,0.0,0.0,0.0,400,0,0,0,0,488,-2.138191109433914,53.43182474246634
488,N489,0,1,0,0.0,0.0,0.0,0.0,400,0,0,0,0,489,-2.138564441085779,53.43197923523881
489,N490,0,1,0,0.0,0.0,0.0,0.0,400,0,0,0,0,490,-2.137247486434959,53.432052990217734
490,N491,0,1,0,0.0,0.0,0.0,0.0,400,0,0,0,0,491,-2.137247486434959,53.432052990217734
491,N492,0,1,0,0.0,0.0,0.0,0.0,400,0,0,0,0,492,-2.1374877502983884,53.43205873570334
492,N493,0,1,0,0.0,0.0,0.0,0.0,400,0,0,0,0,493,-2.1374452825235477,53.432083988466
493,N494,0,1,0,0.0,0.0,0.0,0.0,400,0,0,0,0,494,-2.1375840006453863,53.43193738757029
494,N495,0,1,0,0.0,0.0,0.0,0.0,400,0,0,0,0,495,-2.138355425256824,53.43181674987153
495,N496,0,1,0,0.0,0.0,0.0,0.0,400,0,0,0,0,496,-2.138082582727823,53.43173853350553
496,N497,0,1,0,0.0,0.0,0.0,0.0,400,0,0,0,0,497,-2.1381890765055074,53.431824421235994
497,N498,0,1,0,0.0,0.0,0.0,0.0,400,0,0,0,0,498,-2.1385635916107106,53.43197720482143
498,N499,0,1,0,0.0,0.0,0.0,0.0,400,0,0,0,0,499,-2.137198580887005,53.43207488859841
499,N500,0,1,0,0.0,0.0,0.0,0.0,400,0,0,0,0,500,-2.137198580887005,53.43207488859841
500,N501,0,1,0,0.0,0.0,0.0,0.0,400,0,0,0,0,501,-2.1374901037217717,53.43206042283041
501,N502,0,1,0,0.000348782118055555,0.00011463913837547872,0.0,0.0,400,0,0,0,0,502,-2.137467770687366,53.432103179986214
502,N503,0,1,0,0.0,0.0,0.0,0.0,400,0,0,0,0,503,-2.1375905969008557,53.43193859340794
503,N504,0,1,0,0.0,0.0,0.0,0.0,400,0,0,0,0,504,-2.1383557694396775,53.431816138253005
504,N505,0,1,0,0.0,0.0,0.0,0.0,400,0,0,0,0,505,-2.138185313742107,53.43169010120886
505,N506,0,1,0,0.0,0.0,0.0,0.0,400,0,0,0,0,506,-2.138187691001201,53.43182417116338
506,N507,0,1,0,0.0,0.0,0.0,0.0,400,0,0,0,0,507,-2.138561025502495,53.43197492472056
507,N508,0,1,0,0.0,0.0,0.0,0.0,400,0,0,0,0,508,-2.13719043604746,53.432078870894635
508,N509,0,1,0,0.0,0.0,0.0,0.0,400,0,0,0,0,509,-2.13719043604746,53.432078870894635
509,N510,0,1,0,0.0,0.0,0.0,0.0,400,0,0,0,0,510,-2.137491957148324,53.43206108584324
510,N511,0,1,0,0.0,0.0,0.0,0.0,400,0,0,0,0,511,-2.1375951607798753,53.431939648785956
511,N512,0,1,0,0.0,0.0,0.0,0.0,400,0,0,0,0,512,-2.1383559923084237,53.43181524813128
512,N513,0,1,0,0.0,0.0,0.0,0.0,400,0,0,0,0,513,-2.1382387494161934,53.43172861797746
513,N514,0,1,0,0.0,0.0,0.0,0.0,400,0,0,0,0,514,-2.138201123180021,53.43168266735861
514,N515,0,1,0,0.0,0.0,0.0,0.0,400,0,0,0,0,515,-2.1381865160055926,53.43182385792716
515,N516,0,1,0,0.0,0.0,0.0,0.0,400,0,0,0,0,516,-2.13716846597494,53.43208960149509
516,N517,0,1,0,0.0,0.0,0.0,0.0,400,0,0,0,0,517,-2.13716846597494,53.43208960149509
517,N518,0,1,0,0.0,0.0,0.0,0.0,400,0,0,0,0,518,-2.1372395117488385,53.4321096899663
518,N519,0,1,0,0.0,0.0,0.0,0.0,400,0,0,0,0,519,-2.137493929326484,53.43206123637369
519,N520,0,1,0,0.0,0.0,0.0,0.0,400,0,0,0,0,520,-2.1375979487888057,53.43194075115586
520,N521,0,1,0,0.0,0.0,0.0,0.0,400,0,0,0,0,521,-2.138355869678282,53.431814565146354
521,N522,0,1,0,0.00029381857638888876,9.657349586530937e-05,0.0,0.0,400,0,0,0,0,522,-2.138309371669237,53.43171570047243
522,N523,0,1,0,0.0,0.0,0.0,0.0,400,0,0,0,0,523,-2.1382096289245305,53.43167863963217
523,N524,0,1,0,0.0,0.0,0.0,0.0,400,0,0,0,0,524,-2.138185672101452,53.431823535318635
524,N525,0,1,0,0.0,0.0,0.0,0.0,400,0,0,0,0,525,-2.1371516325902857,53.43209699144329
525,N526,0,1,0,0.0,0.0,0.0,0.0,400,0,0,0,0,526,-2.1371516325902857,53.43209699144329
526,N527,0,1,0,0.0,0.0,0.0,0.0,400,0,0,0,0,527,-2.1372690396035434,53.43212759705116
527,N528,0,1,0,0.0,0.0,0.0,0.0,400,0,0,0,0,528,-2.1374956594675854,53.432061009665574
528,N529,0,1,0,0.0,0.0,0.0,0.0,400,0,0,0,0,529,-2.1375999989507646,53.43194174651508
529,N530,0,1,0,0.0,0.0,0.0,0.0,400,0,0,0,0,530,-2.138353686960666,53.43180983971964
530,N531,0,1,0,0.0,0.0,0.0,0.0,400,0,0,0,0,531,-2.138210695171184,53.43167791032633
531,N532,0,1,0,0.0,0.0,0.0,0.0,400,0,0,0,0,532,-2.1381851288363833,53.431823095511
532,N533,0,1,0,0.0,0.0,0.0,0.0,400,0,0,0,0,533,-2.137128123524272,53.43210655529959
533,N534,0,1,0,0.0,0.0,0.0,0.0,400,0,0,0,0,534,-2.137128123524272,53.43210655529959
534,N535,0,1,0,0.0,0.0,0.0,0.0,400,0,0,0,0,535,-2.1372911526427,53.432142501514384
535,N536,0,1,0,0.0,0.0,0.0,0.0,400,0,0,0,0,536,-2.137497389143634,53.43206063914171
536,N537,0,1,0,0.0,0.0,0.0,0.0,400,0,0,0,0,537,-2.13760597077428,53.431945335029255
537,N538,0,1,0,0.0,0.0,0.0,0.0,400,0,0,0,0,538,-2.1383716267162507,53.43182340054895
538,N539,0,1,0,0.00035917795138888875,0.00011805608355223412,0.0,0.0,400,0,0,0,0,539,-2.1383697215141653,53.43176057303103
539,N540,0,1,0,0.0,0.0,0.0,0.0,400,0,0,0,0,540,-2.138211506107798,53.431677352098255
540,N541,0,1,0,0.0,0.0,0.0,0.0,400,0,0,0,0,541,-2.1381849162538376,53.43182252049235
541,N542,0,1,0,0.0,0.0,0.0,0.0,400,0,0,0,0,542,-2.13711095540908,53.43211283105109
542,N543,0,1,0,0.0,0.0,0.0,0.0,400,0,0,0,0,543,-2.13711095540908,53.43211283105109
543,N544,0,1,0,0.0,0.0,0.0,0.0,400,0,0,0,0,544,-2.137300278468231,53.43214866611582
544,N545,0,1,0,0.0,0.0,0.0,0.0,400,0,0,0,0,545,-2.137501717153286,53.43205856679178
545,N546,0,1,0,0.0,0.0,0.0,0.0,400,0,0,0,0,546,-2.137652665742568,53.43197528479363
546,N547,0,1,0,0.0,0.0,0.0,0.0,400,0,0,0,0,547,-2.138392203791773,53.43183800098226
547,N548,0,1,0,0.0,0.0,0.0,0.0,400,0,0,0,0,548,-2.1382119103782857,53.431676704456436
548,N549,0,1,0,0.0,0.0,0.0,0.0,400,0,0,0,0,549,-2.1381851244841803,53.43182175622712
549,N550,0,1,0,0.0,0.0,0.0,0.0,400,0,0,0,0,550,-2.1370614739142084,53.43212886053694
550,N551,0,1,0,0.0,0.0,0.0,0.0,400,0,0,0,0,551,-2.1370614739142084,53.43212886053694
551,N552,0,1,0,0.0,0.0,0.0,0.0,400,0,0,0,0,552,-2.1373034749514246,53.432150415195316
552,N553,0,1,0,0.0,0.0,0.0,0.0,400,0,0,0,0,553,-2.1372605773059705,53.43217311564843
553,N554,0,1,0,0.0,0.0,0.0,0.0,400,0,0,0,0,554,-2.1375057885975535,53.43205627901322
554,N555,0,1,0,0.0,0.0,0.0,0.0,400,0,0,0,0,555,-2.1376549283381396,53.431976810229074
555,N556,0,1,0,9.494791666666662e-05,3.120787102818059e-05,0.0,0.0,400,0,0,0,0,556,-2.138475282825123,53.43182337009026
556,N557,0,1,0,0.0,0.0,0.0,0.0,400,0,0,0,0,557,-2.138212178957058,53.43167598506378
557,N558,0,1,0,0.0,0.0,0.0,0.0,400,0,0,0,0,558,-2.138185664857488,53.43182130617502
558,N559,0,1,0,0.0,0.0,0.0,0.0,400,0,0,0,0,559,-2.137025342423919,53.43214012872377
559,N560,0,1,0,0.0,0.0,0.0,0.0,400,0,0,0,0,560,-2.137025342423919,53.43214012872377
560,N561,0,1,0,0.0,0.0,0.0,0.0,400,0,0,0,0,561,-2.1373049061657947,53.43215083600734
561,N562,0,1,0,0.0006542621527777776,0.0002150455702381605,0.0,0.0,400,0,0,0,0,562,-2.137287448429328,53.432193272916
562,N563,0,1,0,0.00035466059027777747,0.00011657129875765871,0.0,0.0,400,0,0,0,0,563,-2.137557931530338,53.43205813341892
563,N564,0,1,0,0.0,0.0,0.0,0.0,400,0,0,0,0,564,-2.137656137073304,53.43197824699605
564,N565,0,1,0,0.0,0.0,0.0,0.0,400,0,0,0,0,565,-2.1382120413955996,53.43167533805005
565,N566,0,1,0,0.0,0.0,0.0,0.0,400,0,0,0,0,566,-2.1381869417044124,53.431820540671254
566,N567,0,1,0,0.0,0.0,0.0,0.0,400,0,0,0,0,567,-2.1370173282362184,53.432142627752924
567,N568,0,1,0,0.0,0.0,0.0,0.0,400,0,0,0,0,568,-2.1370173282362184,53.432142627752924
568,N569,0,1,0,0.0,0.0,0.0,0.0,400,0,0,0,0,569,-2.1370600342005166,53.432167827407255
569,N570,0,1,0,0.0,0.0,0.0,0.0,400,0,0,0,0,570,-2.1373072399501023,53.43215110297513
570,N571,0,1,0,0.0,0.0,0.0,0.0,400,0,0,0,0,571,-2.1376565944227415,53.431980044171205
571,N572,0,1,0,0.0,0.0,0.0,0.0,400,0,0,0,0,572,-2.138211768376166,53.431674691193365
572,N573,0,1,0,0.0,0.0,0.0,0.0,400,0,0,0,0,573,-2.137015403497191,53.43214318725282
573,N574,0,1,0,0.0,0.0,0.0,0.0,400,0,0,0,0,574,-2.137015403497191,53.43214318725282
574,N575,0,1,0,0.0,0.0,0.0,0.0,400,0,0,0,0,575,-2.1370640796481326,53.432171472093984
575,N576,0,1,0,0.0,0.0,0.0,0.0,400,0,0,0,0,576,-2.1373086698003645,53.43215110132847
576,N577,0,1,0,0.0,0.0,0.0,0.0,400,0,0,0,0,577,-2.1376565996603967,53.43198166209803
577,N578,0,1,0,0.0,0.0,0.0,0.0,400,0,0,0,0,578,-2.1382083728703094,53.43167190868937
578,N579,0,1,0,0.0,0.0,0.0,0.0,400,0,0,0,0,579,-2.136963194794279,53.432158320980356
579,N580,0,1,0,0.0,0.0,0.0,0.0,400,0,0,0,0,580,-2.136963194794279,53.432158320980356
580,N581,0,1,0,0.0,0.0,0.0,0.0,400,0,0,0,0,581,-2.1370180602157443,53.432145584133366
581,N582,0,1,0,0.0,0.0,0.0,0.0,400,0,0,0,0,582,-2.1370667076308316,53.4321742914667
582,N583,0,1,0,0.0,0.0,0.0,0.0,400,0,0,0,0,583,-2.137310385272376,53.432150991490616
583,N584,0,1,0,0.0,0.0,0.0,0.0,400,0,0,0,0,584,-2.137656154095625,53.43198350525824
584,N585,0,1,0,0.0,0.0,0.0,0.0,400,0,0,0,0,585,-2.138264125819008,53.431645444774944
585,N586,0,1,0,0.0,0.0,0.0,0.0,400,0,0,0,0,586,-2.1382008131839987,53.43166601199691
586,N587,0,1,0,0.0,0.0,0.0,0.0,400,0,0,0,0,587,-2.136926367807081,53.432168628164966
587,N588,0,1,0,0.0,0.0,0.0,0.0,400,0,0,0,0,588,-2.136926367807081,53.432168628164966
588,N589,0,1,0,0.0,0.0,0.0,0.0,400,0,0,0,0,589,-2.1370192066446325,53.432146373805224
589,N590,0,1,0,0.0,0.0,0.0,0.0,400,0,0,0,0,590,-2.1370686435836173,53.43217721050862
590,N591,0,1,0,0.0,0.0,0.0,0.0,400,0,0,0,0,591,-2.137311723452104,53.43215056748924
591,N592,0,1,0,0.0,0.0,0.0,0.0,400,0,0,0,0,592,-2.137654729779568,53.43198521472071
592,N593,0,1,0,0.0,0.0,0.0,0.0,400,0,0,0,0,593,-2.1382673417672122,53.43164392198621
593,N594,0,1,0,0.0,0.0,0.0,0.0,400,0,0,0,0,594,-2.138163938260773,53.431638181344375
594,N595,0,1,0,0.0,0.0,0.0,0.0,400,0,0,0,0,595,-2.136851248184436,53.43218749142184
595,N596,0,1,0,0.0,0.0,0.0,0.0,400,0,0,0,0,596,-2.136917455722646,53.43217086665277
596,N597,0,1,0,0.0,0.0,0.0,0.0,400,0,0,0,0,597,-2.1370202167741192,53.432146902966764
597,N598,0,1,0,0.0,0.0,0.0,0.0,400,0,0,0,0,598,-2.137083213609767,53.43220539073069
598,N599,0,1,0,0.0,0.0,0.0,0.0,400,0,0,0,0,599,-2.137319598623191,53.43214697200155
599,N600,0,1,0,0.0,0.0,0.0,0.0,400,0,0,0,0,600,-2.1376523274104566,53.431987006209035
600,N601,0,1,0,0.0,0.0,0.0,0.0,400,0,0,0,0,601,-2.1382691459433065,53.43164332665183
601,N602,0,1,0,0.0,0.0,0.0,0.0,400,0,0,0,0,602,-2.1382710524213455,53.43158624736065
602,N603,0,1,0,0.0,0.0,0.0,0.0,400,0,0,0,0,603,-2.138120199915053,53.43160563966033
603,N604,0,1,0,0.0,0.0,0.0,0.0,400,0,0,0,0,604,-2.1367837958404095,53.432203640292066
604,N605,0,1,0,0.0,0.0,0.0,0.0,400,0,0,0,0,605,-2.1367837958404095,53.432203640292066
605,N606,0,1,0,0.0,0.0,0,0.0,400,0,0,0,0,606,-2.136917455722646,53.43217086665277
606,N607,0,1,0,0.0,0.0,0.0,0.0,400,0,0,0,0,607,-2.1369840774161006,53.43226786699355
607,N608,0,1,0,0.0,0.0,0.0,0.0,400,0,0,0,0,608,-2.1369840774161006,53.43226786699355
608,N609,0,1,0,0.0,0.0,0.0,0.0,400,0,0,0,0,609,-2.1370217981195854,53.432147206758934
609,N610,0,1,0,0.0,0.0,0.0,0.0,400,0,0,0,0,610,-2.137090419969664,53.43221842478088
610,N611,0,1,0,0.00036097656249999997,0.00011864725843585448,0.0,0.0,400,0,0,0,0,611,-2.1373926607080214,53.43214820914199
611,N612,0,1,0,0.0,0.0,0.0,0.0,400,0,0,0,0,612,-2.137650448945484,53.43198790722936
612,N613,0,1,0,0.0,0.0,0.0,0.0,400,0,0,0,0,613,-2.1382708005750986,53.43164302811188
613,N614,0,1,0,0.0007829166666666662,0.0002573322640129515,0.0,0.0,400,0,0,0,0,614,-2.1382937653566305,53.4315449367609
614,N615,0,1,0,0.0,0.0,0.0,0.0,400,0,0,0,0,615,-2.138076844707843,53.43157519184078
615,N616,0,1,0,0.0,0.0,0.0,0.0,400,0,0,0,0,616,-2.136805605216564,53.43223647728168
616,N617,0,1,0,0.0,0.0,0.0,0.0,400,0,0,0,0,617,-2.136740028836182,53.432213523932184
617,N618,0,1,0,0.0,0.0,0.0,0.0,400,0,0,0,0,618,-2.136740028836182,53.432213523932184
618,N619,0,1,0,0.0007123576388888887,0.00023414063310552214,0.0,0.0,400,0,0,0,0,619,-2.1369867455471074,53.43229249246026
619,N620,0,1,0,0.0,0.0,0.0,0.0,400,0,0,0,0,620,-2.137022746075319,53.43214712477285
620,N621,0,1,0,0.0,0.0,0.0,0.0,400,0,0,0,0,621,-2.1370949842325135,53.43222426206778
621,N622,0,1,0,0.0,0.0,0.0,0.0,400,0,0,0,0,622,-2.1376417301320503,53.431991243045964
622,N623,0,1,0,0.0,0.0,0.0,0.0,400,0,0,0,0,623,-2.138272199984997,53.431642927615265
623,N624,0,1,0,0.0,0.0,0.0,0.0,400,0,0,0,0,624,-2.1380955974622835,53.431565714202385
624,N625,0,1,0,0.0,0.0,0.0,0.0,400,0,0,0,0,625,-2.1380645806118888,53.43156665796381
625,N626,0,1,0,0.0,0.0,0.0,0.0,400,0,0,0,0,626,-2.1368343169754316,53.43228144084139
626,N627,0,1,0,0.0,0.0,0.0,0.0,400,0,0,0,0,627,-2.1370237684463413,53.43214678203427
627,N628,0,1,0,0.0,0.0,0.0,0.0,400,0,0,0,0,628,-2.1370984881972777,53.43222801523811
628,N629,0,1,0,0.0003135607638888888,0.00010306243909802022,0.0,0.0,400,0,0,0,0,629,-2.1376179901697414,53.43201312153228
629,N630,0,1,0,0.0,0.0,0.0,0.0,400,0,0,0,0,630,-2.1382744124636606,53.431642925049374
630,N631,0,1,0,0.0,0.0,0.0,0.0,400,0,0,0,0,631,-2.1380998485911955,53.43156316552823
631,N632,0,1,0,0.0,0.0,0.0,0.0,400,0,0,0,0,632,-2.1380618348496343,53.431564656704154
632,N633,0,1,0,0.0,0.0,0.0,0.0,400,0,0,0,0,633,-2.1368427880278733,53.43229461727109
633,N634,0,1,0,0.0,0.0,0.0,0.0,400,0,0,0,0,634,-2.1370243991423687,53.43214633188367
634,N635,0,1,0,0.0,0.0,0.0,0.0,400,0,0,0,0,635,-2.137104977291174,53.43223331998883
635,N636,0,1,0,0.0,0.0,0.0,0.0,400,0,0,0,0,636,-2.138279651395873,53.43164329649113
636,N637,0,1,0,0.0,0.0,0.0,0.0,400,0,0,0,0,637,-2.1381022803478897,53.43156116726086
637,N638,0,1,0,0.0,0.0,0.0,0.0,400,0,0,0,0,638,-2.1380603117665475,53.43156375062763
638,N639,0,1,0,0.0008208828125000001,0.00026981113268327106,0.0,0.0,400,0,0,0,0,639,-2.1368965546657974,53.432328550113255
639,N640,0,1,0,0.0,0.0,0.0,0.0,400,0,0,0,0,640,-2.137024653069634,53.43214572936128
640,N641,0,1,0,0.0,0.0,0.0,0.0,400,0,0,0,0,641,-2.1371186455440747,53.432243218602835
641,N642,0,1,0,0.0,0.0,0.0,0.0,400,0,0,0,0,642,-2.1382832794460467,53.43164353497325
642,N643,0,1,0,0.0,0.0,0.0,0.0,400,0,0,0,0,643,-2.1381053111897663,53.43155826045929
643,N644,0,1,0,0.0,0.0,0.0,0.0,400,0,0,0,0,644,-2.1380584876957673,53.43156285388816
644,N645,0,1,0,0.0,0.0,0.0,0.0,400,0,0,0,0,645,-2.137024515640539,53.43214511830016
645,N646,0,1,0,0.0,0.0,0.0,0.0,400,0,0,0,0,646,-2.137122852884665,53.43224572155988
646,N647,0,1,0,0.0,0.0,0.0,0.0,400,0,0,0,0,647,-2.1382878861247123,53.43164387119386
647,N648,0,1,0,0.0,0.0,0.0,0.0,400,0,0,0,0,648,-2.1381113681429187,53.431550990721725
648,N649,0,1,0,0.0,0.0,0.0,0.0,400,0,0,0,0,649,-2.1380560470948007,53.43156212864435
649,N650,0,1,0,0.0,0.0,0.0,0.0,400,0,0,0,0,650,-2.1370240164068726,53.432144327884544
650,N651,0,1,0,0.0,0.0,0.0,0.0,400,0,0,0,0,651,-2.137124074370736,53.4322464482248
651,N652,0,1,0,0.0,0.0,0.0,0.0,400,0,0,0,0,652,-2.138290700959993,53.43164396680271
652,N653,0,1,0,0.0,0.0,0.0,0.0,400,0,0,0,0,653,-2.1381162118732466,53.43154553806965
653,N654,0,1,0,0.0,0.0,0.0,0.0,400,0,0,0,0,654,-2.1380533072570485,53.43156195204649
654,N655,0,1,0,0.0,0.0,0.0,0.0,400,0,0,0,0,655,-2.1370231252375937,53.43214334916054
655,N656,0,1,0,0.0,0.0,0.0,0.0,400,0,0,0,0,656,-2.137125475136551,53.43224676121179
656,N657,0,1,0,0.0,0.0,0.0,0.0,400,0,0,0,0,657,-2.1371174452459387,53.43224906251833
657,N658,0,1,0,0.0,0.0,0.0,0.0,400,0,0,0,0,658,-2.138293244733362,53.4316440177833
658,N659,0,1,0,0.0,0.0,0.0,0.0,400,0,0,0,0,659,-2.138120158449468,53.43154190213707
659,N660,0,1,0,0.0,0.0,0.0,0.0,400,0,0,0,0,660,-2.1380502675696107,53.43156213533643
660,N661,0,1,0,0.0,0.0,0.0,0.0,400,0,0,0,0,661,-2.1370195651371744,53.43214085444463
661,N662,0,1,0,0.0,0.0,0.0,0.0,400,0,0,0,0,662,-2.1371268748878567,53.43224675960191
662,N663,0,1,0,0.0,0.0,0.0,0.0,400,0,0,0,0,663,-2.137108183193784,53.43225199443734
663,N664,0,1,0,0.0,0.0,0.0,0.0,400,0,0,0,0,664,-2.1382975339113535,53.431643913934494
664,N665,0,1,0,0.0,0.0,0.0,0.0,400,0,0,0,0,665,-2.13812470705855,53.431538265506866
665,N666,0,1,0,0.0,0.0,0.0,0.0,400,0,0,0,0,666,-2.138046328216194,53.431563362335886
666,N667,0,1,0,0.0,0.0,0.0,0.0,400,0,0,0,0,667,-2.1370165200747135,53.432139383827526
667,N668,0,1,0,0.0,0.0,0.0,0.0,400,0,0,0,0,668,-2.1371282739724617,53.43224655125692
668,N669,0,1,0,0.0,0.0,0.0,0.0,400,0,0,0,0,669,-2.1370697670032652,53.432264245012874
669,N670,0,1,0,0.0,0.0,0.0,0.0,400,0,0,0,0,670,-2.1383017322870943,53.431643657386104
670,N671,0,1,0,0.0,0.0,0.0,0.0,400,0,0,0,0,671,-2.1381289575990396,53.43153553706202
671,N672,0,1,0,0.0,0.0,0.0,0.0,400,0,0,0,0,672,-2.1380418621357653,53.43155996984753
672,N673,0,1,0,0.0,0.0,0.0,0.0,400,0,0,0,0,673,-2.13803660461512,53.43156777796698
673,N674,0,1,0,0.0,0.0,0.0,0.0,400,0,0,0,0,674,-2.137013853229232,53.43213851500624
674,N675,0,1,0,0.0,0.0,0.0,0.0,400,0,0,0,0,675,-2.137136826591694,53.43224299095625
675,N676,0,1,0,0.000335664930555555,0.00011032772733957785,0.0,0.0,400,0,0,0,0,676,-2.13707699422786,53.43227441170331
676,N677,0,1,0,0.0,0.0,0.0,0.0,400,0,0,0,0,677,-2.1383037033378653,53.43164346634088
677,N678,0,1,0,0.0,0.0,0.0,0.0,400,0,0,0,0,678,-2.1381365446944565,53.431531348611635
678,N679,0,1,0,0.0,0.0,0.0,0.0,400,0,0,0,0,679,-2.138039161440008,53.43155794156961
679,N680,0,1,0,0.0,0.0,0.0,0.0,400,0,0,0,0,680,-2.1379786072972364,53.431598343136436
680,N681,0,1,0,0.0,0.0,0.0,0.0,400,0,0,0,0,681,-2.1370083996515006,53.432136939294544
681,N682,0,1,0,0.00039616059027777745,0.00013021168912258154,0.0,0.0,400,0,0,0,0,682,-2.137212338100528,53.43223830195792
682,N683,0,1,0,0.0,0.0,0.0,0.0,400,0,0,0,0,683,-2.1383058547944795,53.43164321216672
683,N684,0,1,0,0.0,0.0,0.0,0.0,400,0,0,0,0,684,-2.1381614559335382,53.43151807067345
684,N685,0,1,0,0.0,0.0,0.0,0.0,400,0,0,0,0,685,-2.1380370025749165,53.431555912664294
685,N686,0,1,0,0.0,0.0,0.0,0.0,400,0,0,0,0,686,-2.137936715476615,53.431619964048956
686,N687,0,1,0,0.0,0.0,0.0,0.0,400,0,0,0,0,687,-2.138307825026627,53.431642769443904
687,N688,0,1,0,0.0006180607638888887,0.00020314674912498402,0.0,0.0,400,0,0,0,0,688,-2.1382334158974943,53.431500064162066
688,N689,0,1,0,0.0,0.0,0.0,0.0,400,0,0,0,0,689,-2.138035385190282,53.43155377526989
689,N690,0,1,0,0.0,0.0,0.0,0.0,400,0,0,0,0,690,-2.137855383331332,53.43156519221095
690,N691,0,1,0,0.0,0.0,0.0,0.0,400,0,0,0,0,691,-2.1378170659319062,53.43168197037274
691,N692,0,1,0,0.0,0.0,0.0,0.0,400,0,0,0,0,692,-2.138310125734802,53.43164212859032
692,N693,0,1,0,0.0,0.0,0.0,0.0,400,0,0,0,0,693,-2.1380346722569135,53.43155206827711
693,N694,0,1,0,0.0,0.0,0.0,0.0,400,0,0,0,0,694,-2.1378641436964485,53.43156077770843
694,N695,0,1,0,0.0,0.0,0.0,0.0,400,0,0,0,0,695,-2.137834145325045,53.43155089805832
695,N696,0,1,0,0.0,0.0,0.0,0.0,400,0,0,0,0,696,-2.1377214831228795,53.431618684813756
696,N697,0,1,0,0.0,0.0,0.0,0.0,400,0,0,0,0,697,-2.1377922739356037,53.43169495147979
697,N698,0,1,0,0.0,0.0,0.0,0.0,400,0,0,0,0,698,-2.1383136588604525,53.43164094699602
698,N699,0,1,0,0.0,0.0,0.0,0.0,400,0,0,0,0,699,-2.1380343019917083,53.43154928226563
699,N700,0,1,0,0.0,0.0,0.0,0.0,400,0,0,0,0,700,-2.137866682393657,53.431559264702074
700,N701,0,1,0,0.00025962239583333376,8.533375485887193e-05,0.0,0.0,400,0,0,0,0,701,-2.137781978518169,53.431527552257684
701,N702,0,1,0,0.0002076371527777775,6.824703176265071e-05,0.0,0.0,400,0,0,0,0,702,-2.137691819034227,53.43157259899724
702,N703,0,1,0,0.0,0.0,0.0,0.0,400,0,0,0,0,703,-2.137765288890235,53.431709292381704
703,N704,0,1,0,0.0,0.0,0.0,0.0,400,0,0,0,0,704,-2.13832229966375,53.43163680225413
704,N705,0,1,0,0.0,0.0,0.0,0.0,400,0,0,0,0,705,-2.138034828562242,53.431544580661786
705,N706,0,1,0,0.0,0.0,0.0,0.0,400,0,0,0,0,706,-2.1378680936469663,53.431558175459685
706,N707,0,1,0,0.0,0.0,0.0,0.0,400,0,0,0,0,707,-2.1376932703115346,53.431746552079794
707,N708,0,1,0,0.0,0.0,0.0,0.0,400,0,0,0,0,708,-2.1377647740728833,53.43170834019382
708,N709,0,1,0,0.0,0.0,0.0,0.0,400,0,0,0,0,709,-2.1383332375175863,53.43163089309725
709,N710,0,1,0,0.0,0.0,0.0,0.0,400,0,0,0,0,710,-2.138044031845917,53.43150970355021
710,N711,0,1,0,0.0,0.0,0.0,0.0,400,0,0,0,0,711,-2.1378689042069436,53.43155750038363
711,N712,0,1,0,0.0,0.0,0.0,0.0,400,0,0,0,0,712,-2.1376083611538808,53.43179100843726
712,N713,0,1,0,0.0,0.0,0.0,0.0,400,0,0,0,0,713,-2.1376544723349715,53.43171971222819
713,N714,0,1,0,0.0,0.0,0.0,0.0,400,0,0,0,0,714,-2.1377644851063904,53.431707414710516
714,N715,0,1,0,0.0,0.0,0.0,0.0,400,0,0,0,0,715,-2.1383342289451854,53.43163029870486
715,N716,0,1,0,0.0,0.0,0.0,0.0,400,0,0,0,0,716,-2.1380513138107973,53.43148106669303
716,N717,0,1,0,0.0,0.0,0.0,0.0,400,0,0,0,0,717,-2.137869413400286,53.431556717793875
717,N718,0,1,0,0.0,0.0,0.0,0.0,400,0,0,0,0,718,-2.1375195405212497,53.431836071476184
718,N719,0,1,0,0.0,0.0,0.0,0.0,400,0,0,0,0,719,-2.1376504592511787,53.43171676862808
719,N720,0,1,0,0.0,0.0,0.0,0.0,400,0,0,0,0,720,-2.1377644822816975,53.43170654282769
720,N721,0,1,0,0.0,0.0,0.0,0.0,400,0,0,0,0,721,-2.13833487437818,53.43162975864501
721,N722,0,1,0,0.0,0.0,0.0,0.0,400,0,0,0,0,722,-2.1380533161398354,53.4314719679956
722,N723,0,1,0,0.0,0.0,0.0,0.0,400,0,0,0,0,723,-2.1378697120566366,53.43155598937868
723,N724,0,1,0,0.0,0.0,0.0,0.0,400,0,0,0,0,724,-2.137482034015579,53.43185487376437
724,N725,0,1,0,0.0,0.0,0.0,0.0,400,0,0,0,0,725,-2.1374276141648485,53.43177246686816
725,N726,0,1,0,0.0,0.0,0.0,0.0,400,0,0,0,0,726,-2.137649040654812,53.431715592770246
726,N727,0,1,0,0.0,0.0,0.0,0.0,400,0,0,0,0,727,-2.1377646747692274,53.43170556285701
727,N728,0,1,0,0.0,0.0,0.0,0.0,400,0,0,0,0,728,-2.138335293872657,53.431629164916195
728,N729,0,1,0,0.0,0.0,0.0,0.0,400,0,0,0,0,729,-2.138054312544055,53.43146363448681
729,N730,0,1,0,0.0,0.0,0.0,0.0,400,0,0,0,0,730,-2.1378697093172336,53.431555144461306
730,N731,0,1,0,0.0,0.0,0.0,0.0,400,0,0,0,0,731,-2.1374311842469207,53.43188050471722
731,N732,0,1,0,0.0,0.0,0.0,0.0,400,0,0,0,0,732,-2.137415755761541,53.43176369875586
732,N733,0,1,0,0.0,0.0,0.0,0.0,400,0,0,0,0,733,-2.1376477870947084,53.43171425492855
733,N734,0,1,0,0.0,0.0,0.0,0.0,400,0,0,0,0,734,-2.1377651539518165,53.431704807267934
734,N735,0,1,0,0.0,0.0,0.0,0.0,400,0,0,0,0,735,-2.1383354572099194,53.43162848159942
735,N736,0,1,0,0.0,0.0,0.0,0.0,400,0,0,0,0,736,-2.138054538591217,53.431459086035595
736,N737,0,1,0,0.0,0.0,0.0,0.0,400,0,0,0,0,737,-2.1378694964488623,53.43155447955721
737,N738,0,1,0,0.0,0.0,0.0,0.0,400,0,0,0,0,738,-2.1373716641495153,53.43191052304574
738,N739,0,1,0,0.0,0.0,0.0,0.0,400,0,0,0,0,739,-2.1374096149920323,53.43175904978187
739,N740,0,1,0,0.0,0.0,0.0,0.0,400,0,0,0,0,740,-2.1376469404618126,53.43171308739885
740,N741,0,1,0,0.0,0.0,0.0,0.0,400,0,0,0,0,741,-2.1377664150530173,53.431703826062474
741,N742,0,1,0,0.0,0.0,0.0,0.0,400,0,0,0,0,742,-2.138335455133814,53.43162784341715
742,N743,0,1,0,0.0,0.0,0.0,0.0,400,0,0,0,0,743,-2.1380542859889533,53.43145545496729
743,N744,0,1,0,0.0,0.0,0.0,0.0,400,0,0,0,0,744,-2.1378688920545557,53.43155375218627
744,N745,0,1,0,0.0,0.0,0.0,0.0,400,0,0,0,0,745,-2.1373239551711785,53.431934685205725
745,N746,0,1,0,0.0,0.0,0.0,0.0,400,0,0,0,0,746,-2.1374488804271756,53.43173497821779
746,N747,0,1,0,0.0,0.0,0.0,0.0,400,0,0,0,0,747,-2.1374084232683717,53.43175821522333
747,N748,0,1,0,0.0,0.0,0.0,0.0,400,0,0,0,0,748,-2.1376460930142853,53.43171166819163
748,N749,0,1,0,0.0,0.0,0.0,0.0,400,0,0,0,0,749,-2.1377682480591145,53.43170283520762
749,N750,0,1,0,0.0,0.0,0.0,0.0,400,0,0,0,0,750,-2.138335287644347,53.431627250369395
750,N751,0,1,0,0.0,0.0,0.0,0.0,400,0,0,0,0,751,-2.138053252670683,53.43145241804511
751,N752,0,1,0,0.0,0.0,0.0,0.0,400,0,0,0,0,752,-2.1378680769484584,53.43155302505895
752,N753,0,1,0,0.0,0.0,0.0,0.0,400,0,0,0,0,753,-2.137306088116919,53.431943550483126
753,N754,0,1,0,0.0,0.0,0.0,0.0,400,0,0,0,0,754,-2.1372647964615354,53.431894862295216
754,N755,0,1,0,0.00034830642361111124,0.00011448278517266817,0.0,0.0,400,0,0,0,0,755,-2.1374514412355916,53.43170770410707
755,N756,0,1,0,0.0,0.0,0.0,0.0,400,0,0,0,0,756,-2.1374073831576417,53.43175772205366
756,N757,0,1,0,0.0,0.0,0.0,0.0,400,0,0,0,0,757,-2.1376455164539108,53.43171023968317
757,N758,0,1,0,0.0,0.0,0.0,0.0,400,0,0,0,0,758,-2.1377697962629627,53.431702204222496
758,N759,0,1,0,0.0,0.0,0.0,0.0,400,0,0,0,0,759,-2.1383346230083395,53.431626514082176
759,N760,0,1,0,0.0,0.0,0.0,0.0,400,0,0,0,0,760,-2.138051465382349,53.43144894155858
760,N761,0,1,0,0.0,0.0,0.0,0.0,400,0,0,0,0,761,-2.1378664473483253,53.43155175956248
761,N762,0,1,0,0.0,0.0,0.0,0.0,400,0,0,0,0,762,-2.1372826053355585,53.431956556941465
762,N763,0,1,0,0.0,0.0,0.0,0.0,400,0,0,0,0,763,-2.13721533676844,53.431861580821426
763,N764,0,1,0,0.0,0.0,0.0,0.0,400,0,0,0,0,764,-2.137406343831152,53.431757471573
764,N765,0,1,0,0.0,0.0,0.0,0.0,400,0,0,0,0,765,-2.1376450885404603,53.431708235738036
765,N766,0,1,0,0.0,0.0,0.0,0.0,400,0,0,0,0,766,-2.1377714503472336,53.43170173490832
766,N767,0,1,0,0.0,0.0,0.0,0.0,400,0,0,0,0,767,-2.1383336269315874,53.43162567930583
767,N768,0,1,0,0.0,0.0,0.0,0.0,400,0,0,0,0,768,-2.138049167825931,53.431445915088695
768,N769,0,1,0,0.0,0.0,0.0,0.0,400,0,0,0,0,769,-2.1378540451337136,53.43154238989157
769,N770,0,1,0,0.0,0.0,0.0,0.0,400,0,0,0,0,770,-2.1372217752133293,53.4319864598525
770,N771,0,1,0,0.0,0.0,0.0,0.0,400,0,0,0,0,771,-2.1372532810291034,53.431838472613904
771,N772,0,1,0,0.0,0.0,0.0,0.0,400,0,0,0,0,772,-2.137213679133276,53.43186095353303
772,N773,0,1,0,0.0,0.0,0.0,0.0,400,0,0,0,0,773,-2.137404462059993,53.43175734790246
773,N774,0,1,0,0.0,0.0,0.0,0.0,400,0,0,0,0,774,-2.1376446732048495,53.43170546775447
774,N775,0,1,0,0.0,0.0,0.0,0.0,400,0,0,0,0,775,-2.1377726087129303,53.431701562787964
775,N776,0,1,0,0.0,0.0,0.0,0.0,400,0,0,0,0,776,-2.1383285123771416,53.43162190107436
776,N777,0,1,0,0.0,0.0,0.0,0.0,400,0,0,0,0,777,-2.1380450893435516,53.43144137162147
777,N778,0,1,0,0.00035610416666666624,0.00011704577937129796,0.0,0.0,400,0,0,0,0,778,-2.1378270727554027,53.4315095231038
778,N779,0,1,0,0.0,0.0,0.0,0.0,400,0,0,0,0,779,-2.1371771465320557,53.43201373742321
779,N780,0,1,0,0.00022229166666666626,7.306373754705133e-05,0.0,0.0,400,0,0,0,0,780,-2.1372560986981317,53.43180680282781
780,N781,0,1,0,0.0,0.0,0.0,0.0,400,0,0,0,0,781,-2.137211857097845,53.43186068597445
781,N782,0,1,0,0.0,0.0,0.0,0.0,400,0,0,0,0,782,-2.1374019501834542,53.43175785415419
782,N783,0,1,0,0.0,0.0,0.0,0.0,400,0,0,0,0,783,-2.1376442422946855,53.43170253799563
783,N784,0,1,0,0.0,0.0,0.0,0.0,400,0,0,0,0,784,-2.1377740686498687,53.43170156110094
784,N785,0,1,0,0.0002702361111111113,8.882231436757147e-05,0.0,0.0,400,0,0,0,0,785,-2.138339034844837,53.43158083831046
785,N786,0,1,0,0.0,0.0,0.0,0.0,400,0,0,0,0,786,-2.1380358495698797,53.431432546607155
786,N787,0,1,0,0.0,0.0,0.0,0.0,400,0,0,0,0,787,-2.137140004479818,53.4320336357829
787,N788,0,1,0,0.0,0.0,0.0,0.0,400,0,0,0,0,788,-2.13720988455291,53.431860418589046
788,N789,0,1,0,0.0,0.0,0.0,0.0,400,0,0,0,0,789,-2.1374002815357525,53.431758476284806
789,N790,0,1,0,0.0,0.0,0.0,0.0,400,0,0,0,0,790,-2.137643664134268,53.43170061512059
790,N791,0,1,0,0.0,0.0,0.0,0.0,400,0,0,0,0,791,-2.1377754237838693,53.43170173031682
791,N792,0,1,0,0.0,0.0,0.0,0.0,400,0,0,0,0,792,-2.1380308498738025,53.43143168050932
792,N793,0,1,0,0.0,0.0,0.0,0.0,400,0,0,0,0,793,-2.1380649637222113,53.43143896665171
793,N794,0,1,0,0.0,0.0,0.0,0.0,400,0,0,0,0,794,-2.1371027116025845,53.43204877937955
794,N795,0,1,0,0.0,0.0,0.0,0.0,400,0,0,0,0,795,-2.137208078438579,53.431860420667576
795,N796,0,1,0,0.0,0.0,0.0,0.0,400,0,0,0,0,796,-2.1373977871206025,53.43175972856318
796,N797,0,1,0,0.0,0.0,0.0,0.0,400,0,0,0,0,797,-2.137642815057788,53.431698692558314
797,N798,0,1,0,0.0,0.0,0.0,0.0,400,0,0,0,0,798,-2.137776674144067,53.43170207942407
798,N799,0,1,0,0.0,0.0,0.0,0.0,400,0,0,0,0,799,-2.1380264827200066,53.43143093951826
799,N800,0,1,0,0.0,0.0,0.0,0.0,400,0,0,0,0,800,-2.1381113397690297,53.43144957332039
800,N801,0,1,0,0.0,0.0,0.0,0.0,400,0,0,0,0,801,-2.137099687593858,53.4320491693631
801,N802,0,1,0,0.0,0.0,0.0,0.0,400,0,0,0,0,802,-2.13706688778861,53.432062087618434
802,N803,0,1,0,0.0,0.0,0.0,0.0,400,0,0,0,0,803,-2.137206107343825,53.431860602706244
803,N804,0,1,0,0.0,0.0,0.0,0.0,400,0,0,0,0,804,-2.1373810949399235,53.43176884417661
804,N805,0,1,0,0.0,0.0,0.0,0.0,400,0,0,0,0,805,-2.1376423906650506,53.43169777621958
805,N806,0,1,0,0.0,0.0,0.0,0.0,400,0,0,0,0,806,-2.1377779410404747,53.43170288692652
806,N807,0,1,0,0.0,0.0,0.0,0.0,400,0,0,0,0,807,-2.138022749333758,53.431430701150276
807,N808,0,1,0,0.0,0.0,0.0,0.0,400,0,0,0,0,808,-2.1381510728246056,53.4314584618734
808,N809,0,1,0,0.0,0.0,0.0,0.0,400,0,0,0,0,809,-2.137096587257719,53.432049226859256
809,N810,0,1,0,0.0,0.0,0.0,0.0,400,0,0,0,0,810,-2.137027440332907,53.43207654155272
810,N811,0,1,0,0.0,0.0,0.0,0.0,400,0,0,0,0,811,-2.137027440332907,53.43207654155272
811,N812,0,1,0,0.0,0.0,0.0,0.0,400,0,0,0,0,812,-2.1372049041376773,53.43186087374637
812,N813,0,1,0,0.000982539930555555,0.000322945257877155,0.0,0.0,400,0,0,0,0,813,-2.1373312372499207,53.4317707622384
813,N814,0,1,0,0.0,0.0,0.0,0.0,400,0,0,0,0,814,-2.1376415582397814,53.431696348006476
814,N815,0,1,0,0.0,0.0,0.0,0.0,400,0,0,0,0,815,-2.1377820292115026,53.43170577650448
815,N816,0,1,0,0.0,0.0,0.0,0.0,400,0,0,0,0,816,-2.138019829478473,53.43143070453039
816,N817,0,1,0,0.000500124131944445,0.0001643828527865156,0.0,0.0,400,0,0,0,0,817,-2.138173095772002,53.43146418001524
817,N818,0,1,0,0.0,0.0,0.0,0.0,400,0,0,0,0,818,-2.137093515922395,53.432048942758385
818,N819,0,1,0,0.0,0.0,0.0,0.0,400,0,0,0,0,819,-2.1369927509392372,53.43208692719786
819,N820,0,1,0,0.0,0.0,0.0,0.0,400,0,0,0,0,820,-2.1369927509392372,53.43208692719786
820,N821,0,1,0,0.0,0.0,0.0,0.0,400,0,0,0,0,821,-2.1372032355120636,53.431861504862724
821,N822,0,1,0,0.0,0.0,0.0,0.0,400,0,0,0,0,822,-2.137640425378575,53.43169509991052
822,N823,0,1,0,0.0,0.0,0.0,0.0,400,0,0,0,0,823,-2.137787171674132,53.43170888957681
823,N824,0,1,0,0.0,0.0,0.0,0.0,400,0,0,0,0,824,-2.1380169258701,53.4314310764208
824,N825,0,1,0,0.0,0.0,0.0,0.0,400,0,0,0,0,825,-2.137090594083048,53.43204834388748
825,N826,0,1,0,0.0,0.0,0.0,0.0,400,0,0,0,0,826,-2.1369562759269187,53.43209901371354
826,N827,0,1,0,0.0,0.0,0.0,0.0,400,0,0,0,0,827,-2.1369562759269187,53.43209901371354
827,N828,0,1,0,0.0,0.0,0.0,0.0,400,0,0,0,0,828,-2.1371906878019438,53.431867667446674
828,N829,0,1,0,0.0,0.0,0.0,0.0,400,0,0,0,0,829,-2.1376383131037793,53.431693511381596
829,N830,0,1,0,0.0,0.0,0.0,0.0,400,0,0,0,0,830,-2.1377926149807536,53.43171194837013
830,N831,0,1,0,0.0,0.0,0.0,0.0,400,0,0,0,0,831,-2.13801442866247,53.43143145682924
831,N832,0,1,0,0.0,0.0,0.0,0.0,400,0,0,0,0,832,-2.1370878969948333,53.43204743016004
832,N833,0,1,0,0.0,0.0,0.0,0.0,400,0,0,0,0,833,-2.1369260088986333,53.43210858529276
833,N834,0,1,0,0.0,0.0,0.0,0.0,400,0,0,0,0,834,-2.1369260088986333,53.43210858529276
834,N835,0,1,0,0.000213696180555555,7.023853788604338e-05,0.0,0.0,400,0,0,0,0,835,-2.1371358651555488,53.43186087227915
835,N836,0,1,0,0.0,0.0,0.0,0.0,400,0,0,0,0,836,-2.1376153974180334,53.43167704390616
836,N837,0,1,0,0.0,0.0,0.0,0.0,400,0,0,0,0,837,-2.1380127746788866,53.43143195311225
837,N838,0,1,0,0.0,0.0,0.0,0.0,400,0,0,0,0,838,-2.1370855151087937,53.432046246414636
838,N839,0,1,0,0.0,0.0,0.0,0.0,400,0,0,0,0,839,-2.1368916574100627,53.43211641778194
839,N840,0,1,0,0.0,0.0,0.0,0.0,400,0,0,0,0,840,-2.1368916574100627,53.43211641778194
840,N841,0,1,0,0.0,0.0,0.0,0.0,400,0,0,0,0,841,-2.1376058645179192,53.43167064609674
841,N842,0,1,0,0.0,0.0,0.0,0.0,400,0,0,0,0,842,-2.1380108953416594,53.431432575495336
842,N843,0,1,0,0.0,0.0,0.0,0.0,400,0,0,0,0,843,-2.1370835388179903,53.43204481951292
843,N844,0,1,0,0.0,0.0,0.0,0.0,400,0,0,0,0,844,-2.136861804738941,53.43207703741273
844,N845,0,1,0,0.0,0.0,0.0,0.0,400,0,0,0,0,845,-2.1368415029951824,53.43212915815252
845,N846,0,1,0,0.0,0.0,0.0,0.0,400,0,0,0,0,846,-2.1368415029951824,53.43212915815252
846,N847,0,1,0,0.0,0.0,0.0,0.0,400,0,0,0,0,847,-2.1376010226545428,53.431667397841935
847,N848,0,1,0,0.0,0.0,0.0,0.0,400,0,0,0,0,848,-2.1380084159851744,53.43143381878061
848,N849,0,1,0,0.0,0.0,0.0,0.0,400,0,0,0,0,849,-2.137082670993849,53.432044078958164
849,N850,0,1,0,0.0,0.0,0.0,0.0,400,0,0,0,0,850,-2.1368568650292423,53.4320714432377
850,N851,0,1,0,0.0,0.0,0.0,0.0,400,0,0,0,0,851,-2.1367805176330026,53.43214372660828
851,N852,0,1,0,0.0,0.0,0.0,0.0,400,0,0,0,0,852,-2.1367805176330026,53.43214372660828
852,N853,0,1,0,0.0,0.0,0.0,0.0,400,0,0,0,0,853,-2.137599801496909,53.431666770055116
853,N854,0,1,0,0.0,0.0,0.0,0.0,400,0,0,0,0,854,-2.1380046755699795,53.431436052262335
854,N855,0,1,0,0.0,0.0,0.0,0.0,400,0,0,0,0,855,-2.137067132712382,53.43202600743449
855,N856,0,1,0,0.0,0.0,0.0,0.0,400,0,0,0,0,856,-2.136846456146539,53.43205474553458
856,N857,0,1,0,0.0,0.0,0.0,0.0,400,0,0,0,0,857,-2.136685305896047,53.43216762840121
857,N858,0,1,0,0.0,0.0,0.0,0.0,400,0,0,0,0,858,-2.136685305896047,53.43216762840121
858,N859,0,1,0,0.0,0.0,0.0,0.0,400,0,0,0,0,859,-2.1375987465680004,53.431666348812335
859,N860,0,1,0,0.0005574375,0.00018322084588064255,0.0,0.0,400,0,0,0,0,860,-2.1379622969139804,53.43143745857375
860,N861,0,1,0,0.000417961805555555,0.0001373774020579696,0.0,0.0,400,0,0,0,0,861,-2.137902181150346,53.43146449367105
861,N862,0,1,0,0.0,0.0,0.0,0.0,400,0,0,0,0,862,-2.1370549208965515,53.43201499256407
862,N863,0,1,0,0.0,0.0,0.0,0.0,400,0,0,0,0,863,-2.1368315398162028,53.43203581486321
863,N864,0,1,0,0.0,0.0,0.0,0.0,400,0,0,0,0,864,-2.1366461115122957,53.43217659892459
864,N865,0,1,0,0.0,0.0,0.0,0.0,400,0,0,0,0,865,-2.1366461115122957,53.43217659892459
865,N866,0,1,0,0.0,0.0,0.0,0.0,400,0,0,0,0,866,-2.1375975262829887,53.431665990679996
866,N867,0,1,0,0.0,0.0,0.0,0.0,400,0,0,0,0,867,-2.1370460678652896,53.432004719878464
867,N868,0,1,0,0.0,0.0,0.0,0.0,400,0,0,0,0,868,-2.1368283127383183,53.432033904012904
868,N869,0,1,0,0.0,0.0,0.0,0.0,400,0,0,0,0,869,-2.1366205805985308,53.432179971910834
869,N870,0,1,0,0.0,0.0,0.0,0.0,400,0,0,0,0,870,-2.1366205805985308,53.432179971910834
870,N871,0,1,0,0.0,0.0,0.0,0.0,400,0,0,0,0,871,-2.13759647219759,53.431665830103185
871,N872,0,1,0,0.0,0.0,0.0,0.0,400,0,0,0,0,872,-2.137037618811004,53.43199370068106
872,N873,0,1,0,0.0,0.0,0.0,0.0,400,0,0,0,0,873,-2.1368238807987283,53.43203175185529
873,N874,0,1,0,0.0,0.0,0.0,0.0,400,0,0,0,0,874,-2.1368387442290273,53.43202956856481
874,N875,0,1,0,0.0,0.0,0.0,0.0,400,0,0,0,0,875,-2.13660251931929,53.43217999260578
875,N876,0,1,0,0.0,0.0,0.0,0.0,400,0,0,0,0,876,-2.13660251931929,53.43217999260578
876,N877,0,1,0,0.0,0.0,0.0,0.0,400,0,0,0,0,877,-2.1375954184903017,53.431665786376655
877,N878,0,1,0,0.0,0.0,0.0,0.0,400,0,0,0,0,878,-2.1370194105073153,53.431976095128455
878,N879,0,1,0,0.0,0.0,0.0,0.0,400,0,0,0,0,879,-2.1368186565352794,53.432031272470674
879,N880,0,1,0,0.0,0.0,0.0,0.0,400,0,0,0,0,880,-2.136863214875337,53.432019473339096
880,N881,0,1,0,0.0,0.0,0.0,0.0,400,0,0,0,0,881,-2.1365875830027092,53.432178247969
881,N882,0,1,0,0.0,0.0,0.0,0.0,400,0,0,0,0,882,-2.1365875830027092,53.432178247969
882,N883,0,1,0,0.0,0.0,0.0,0.0,400,0,0,0,0,883,-2.1375943649284386,53.43166578759253
883,N884,0,1,0,0.0,0.0,0.0,0.0,400,0,0,0,0,884,-2.137014685933829,53.43197187595556
884,N885,0,1,0,0.0,0.0,0.0,0.0,400,0,0,0,0,885,-2.136810619294139,53.432031281693575
885,N886,0,1,0,0.0003666371527777775,0.00012050780448608997,0.0,0.0,400,0,0,0,0,886,-2.136850273108472,53.43197805113662
886,N887,0,1,0,0.0,0.0,0.0,0.0,400,0,0,0,0,887,-2.13759332656288,53.43166583373342
887,N888,0,1,0,0.0,0.0,0.0,0.0,400,0,0,0,0,888,-2.13700946328843,53.43196722590606
888,N889,0,1,0,0.0,0.0,0.0,0.0,400,0,0,0,0,889,-2.1370410846745576,53.43194827772658
889,N890,0,1,0,0.0,0.0,0.0,0.0,400,0,0,0,0,890,-2.1368009928339458,53.432033216281816
890,N891,0,1,0,0.0,0.0,0.0,0.0,400,0,0,0,0,891,-2.1375753955350882,53.43166882962421
891,N892,0,1,0,0.0,0.0,0.0,0.0,400,0,0,0,0,892,-2.1370011753022844,53.4319594783407
892,N893,0,1,0,0.0,0.0,0.0,0.0,400,0,0,0,0,893,-2.1370636722302443,53.431928342199086
893,N894,0,1,0,0.0,0.0,0.0,0.0,400,0,0,0,0,894,-2.1367660648011113,53.432044285262194
894,N895,0,1,0,0.0,0.0,0.0,0.0,400,0,0,0,0,895,-2.1376411916077482,53.431634228792745
895,N896,0,1,0,0.000432391493055555,0.00014212021098191773,0.0,0.0,400,0,0,0,0,896,-2.1375265794472877,53.43167166339441
896,N897,0,1,0,0.0,0.0,0.0,0.0,400,0,0,0,0,897,-2.1369990188698322,53.43195819546083
897,N898,0,1,0,0.000304563368055555,0.00010010513809960086,0.0,0.0,400,0,0,0,0,898,-2.137060697307215,53.43188792426263
898,N899,0,1,0,0.0006231501736111113,0.0002048195572054214,0.0,0.0,400,0,0,0,0,899,-2.1367149297545778,53.43201416047303
899,N900,0,1,0,0.0004898315972222226,0.00016099986022131955,0.0,0.0,400,0,0,0,0,900,-2.1376467537685424,53.43159961658289
900,N901,0,1,0,0.0,0.0,0.0,0.0,400,0,0,0,0,901,-2.1369968488634257,53.431957371010824
901,N902,0,1,0,0.0,0.0,0.0,0.0,400,0,0,0,0,902,-2.1369946815212764,53.43195737350119
902,N903,0,1,0,0.0,0.0,0.0,0.0,400,0,0,0,0,903,-2.136991928348941,53.43195773620528
903,N904,0,1,0,0.0,0.0,0.0,0.0,400,0,0,0,0,904,-2.1369874025190403,53.431959143613874
904,N905,0,1,0,0.0,0.0,0.0,0.0,400,0,0,0,0,905,-2.136980338776032,53.431962324675794
905,N906,0,1,0,0.0003753645833333338,0.00012337637218875363,0.0,0.0,400,0,0,0,0,906,-2.1369103902646174,53.43195101657014