,FROM,TO,TYPE,R,X,B,LIM1,LIM2,LIM3,TAP,TAPMIN,TAPMAX,STEP,TANG
0,N1,N2,0,0.0062638683431952,0.0543569711538461,0,0,0,0,0,0,0,0,0
1,N2,N3,0,0.0002373292344674,3.778111131656805e-05,0,0,0,0,0,0,0,0,0
2,N3,N4,0,0.0002223402366863,3.5394970414201185e-05,0,0,0,0,0,0,0,0,0
3,N4,N5,0,0.0001938487703402,3.085933339497041e-05,0,0,0,0,0,0,0,0,0
4,N5,N6,0,0.0003053879437869,4.861556952662722e-05,0,0,0,0,0,0,0,0,0
5,N6,N7,0,0.0207955334689349,0.0033104997226331,0,0,0,0,0,0,0,0,0
6,N7,N8,0,0.0009314002403846,0.0001482722355769,0,0,0,0,0,0,0,0,0
7,N8,N9,0,0.0007752218934911,0.0001234097633136,0,0,0,0,0,0,0,0,0
8,N9,N10,0,0.0006803190643491,0.0001083019138313,0,0,0,0,0,0,0,0,0
9,N10,N11,0,0.0005076466346153,8.081370192307691e-05,0,0,0,0,0,0,0,0,0
10,N11,N12,0,0.0004765552884615,7.58641826923077e-05,0,0,0,0,0,0,0,0,0
11,N12,N13,0,0.0002930379992603,4.664954696745562e-05,0,0,0,0,0,0,0,0,0
12,N13,N14,0,0.0007295332840236,0.000116136464497,0,0,0,0,0,0,0,0,0
13,N14,N15,0,0.0059098298816568,0.0009408025147928,0,0,0,0,0,0,0,0,0
14,N15,N16,0,0.0017717446375739,4.41820451183432e-05,0,0,0,0,0,0,0,0,0
15,N15,N17,0,0.0071666789940828,0.0011408838757396,0,0,0,0,0,0,0,0,0
16,N16,N18,0,0.0008083332562869,2.01574288091716e-05,0,0,0,0,0,0,0,0,0
17,N17,N19,0,0.0004931112241124,7.849976886094673e-05,0,0,0,0,0,0,0,0,0
18,N18,N20,0,0.0008474056028106,2.1131776997041423e-05,0,0,0,0,0,0,0,0,0
19,N19,N21,0,0.0005537063609467,8.814607988165681e-05,0,0,0,0,0,0,0,0,0
20,N20,N22,0,0.000770362056213,1.9210539940828404e-05,0,0,0,0,0,0,0,0,0
21,N21,N23,0,0.0009015459504437,0.0001435196468195,0,0,0,0,0,0,0,0,0
22,N22,N24,0,0.0009404708302514,2.3452547152366863e-05,0,0,0,0,0,0,0,0,0
23,N23,N25,0,0.001640130362426,0.0002610969859467,0,0,0,0,0,0,0,0,0
24,N24,N26,0,0.0010259381471893,2.5583848002958583e-05,0,0,0,0,0,0,0,0,0
25,N25,N27,0,0.0313916188979289,0.0024021412721893,0,0,0,0,0,0,0,0,0
26,N25,N28,0,0.0205528642751479,0.0032718685281065,0,0,0,0,0,0,0,0,0
27,N26,N29,0,0.0010013458764792,2.4970589866863907e-05,0,0,0,0,0,0,0,0,0
28,N27,N30,0,0.0086467964127218,0.0006616678994082,0,0,0,0,0,0,0,0,0
29,N27,N31,0,0.008424579326923,0.0006446634615384,0,0,0,0,0,0,0,0,0
30,N28,N32,0,0.0054714996301775,0.0008710234837278,0,0,0,0,0,0,0,0,0
31,N29,N33,0,0.0026847785687869,6.69503975591716e-05,0,0,0,0,0,0,0,0,0
32,N30,N34,0,0.0198017751479289,0.0015152662721893,0,0,0,0,0,0,0,0,0
33,N31,N35,0,0.0002852990939349,2.1831582840236687e-05,0,0,0,0,0,0,0,0,0
34,N32,N36,0,0.0304432091346153,0.0023295673076923,0,0,0,0,0,0,0,0,0
35,N32,N37,0,0.0165443897928994,0.0026337481508875,0,0,0,0,0,0,0,0,0
36,N33,N38,0,0.0025047411242603,6.246079881656805e-05,0,0,0,0,0,0,0,0,0
37,N35,N39,0,0.000410208487426,3.1389866863905325e-05,0,0,0,0,0,0,0,0,0
38,N36,N40,0,0.0021266919378698,0.0001627381656804,0,0,0,0,0,0,0,0,0
39,N36,N41,0,0.0096026488535502,0.0007348113905325,0,0,0,0,0,0,0,0,0
40,N37,N42,0,0.0114807063609467,0.0018276460798816,0,0,0,0,0,0,0,0,0
41,N37,N43,0,0.0001663299741124,6.81351701183432e-05,0,0,0,0,0,0,0,0,0
42,N38,N44,0,0.0006210098927514,1.5486140902366865e-05,0,0,0,0,0,0,0,0,0
43,N39,N45,0,0.0005260643953402,4.0255362426035506e-05,0,0,0,0,0,0,0,0,0
44,N40,N46,0,0.000958563701923,7.335096153846153e-05,0,0,0,0,0,0,0,0,0
45,N41,N47,0,0.0231057923446745,0.0017680954142011,0,0,0,0,0,0,0,0,0
46,N42,N48,0,0.0086754752218934,0.0013810734097633,0,0,0,0,0,0,0,0,0
47,N43,N49,0,8.008394970414201e-05,3.280547337278107e-05,0,0,0,0,0,0,0,0,0
48,N44,N50,0,0.0008828258136094,2.2015051775147932e-05,0,0,0,0,0,0,0,0,0
49,N45,N51,0,0.0012812037721893,9.803994082840235e-05,0,0,0,0,0,0,0,0,0
50,N46,N52,0,0.0010158723187869,7.773631656804735e-05,0,0,0,0,0,0,0,0,0
51,N48,N53,0,0.0012508287721893,0.0001991229659763,0,0,0,0,0,0,0,0,0
52,N48,N54,0,0.0013184751294378,0.0002098917806952,0,0,0,0,0,0,0,0,0
53,N49,N55,0,8.920811760355031e-05,3.6543084319526634e-05,0,0,0,0,0,0,0,0,0
54,N50,N56,0,0.001608848372781,4.011989644970415e-05,0,0,0,0,0,0,0,0,0
55,N51,N57,0,0.0010969443417159,8.394008875739645e-05,0,0,0,0,0,0,0,0,0
56,N52,N58,0,0.000967548076923,7.403846153846154e-05,0,0,0,0,0,0,0,0,0
57,N53,N59,0,0.0056659236316568,0.0009019743897928,0,0,0,0,0,0,0,0,0
58,N54,N60,0,0.0001347731508875,2.1454918639053253e-05,0,0,0,0,0,0,0,0,0
59,N55,N61,0,7.69530325443787e-05,3.152292899408285e-05,0,0,0,0,0,0,0,0,0
60,N56,N62,0,0.0014314903846153,3.569711538461539e-05,0,0,0,0,0,0,0,0,0
61,N57,N63,0,0.0052583579881656,0.0004023786982248,0,0,0,0,0,0,0,0,0
62,N58,N64,0,0.0005794656065088,4.4341715976331365e-05,0,0,0,0,0,0,0,0,0
63,N59,N65,0,0.0011518642751479,0.0001833685281065,0,0,0,0,0,0,0,0,0
64,N59,N66,0,0.0439027598002958,0.0033595155325443,0,0,0,0,0,0,0,0,0
65,N60,N67,0,0.0001525702662721,2.4288091715976328e-05,0,0,0,0,0,0,0,0,0
66,N61,N68,0,7.370086908284024e-05,3.0190717455621308e-05,0,0,0,0,0,0,0,0,0
67,N62,N69,0,0.001527675526997,3.809568694526627e-05,0,0,0,0,0,0,0,0,0
68,N63,N70,0,0.0185864922337278,0.0014222707100591,0,0,0,0,0,0,0,0,0
69,N64,N71,0,0.0011368689903846,8.699519230769232e-05,0,0,0,0,0,0,0,0,0
70,N65,N72,0,0.0136088553994082,0.0021664321375739,0,0,0,0,0,0,0,0,0
71,N66,N73,0,0.0214593657544378,0.0016421079881656,0,0,0,0,0,0,0,0,0
72,N66,N74,0,0.0214593657544378,0.0016421079881656,0,0,0,0,0,0,0,0,0
73,N67,N75,0,0.0003701066013313,5.8918315458579886e-05,0,0,0,0,0,0,0,0,0
74,N68,N76,0,0.000180726053994,7.403235946745562e-05,0,0,0,0,0,0,0,0,0
75,N69,N77,0,0.0071403841531065,0.0001780599574704,0,0,0,0,0,0,0,0,0
76,N71,N78,0,0.0057616956360946,0.0004408949704142,0,0,0,0,0,0,0,0,0
77,N72,N79,0,0.004743698224852,0.0007551627218934,0,0,0,0,0,0,0,0,0
78,N75,N80,0,0.0002136396079881,3.400989275147929e-05,0,0,0,0,0,0,0,0,0
79,N76,N81,0,0.0005731573594674,0.000234787352071,0,0,0,0,0,0,0,0,0
80,N77,N82,0,0.0093758949704142,0.0002338069526627,0,0,0,0,0,0,0,0,0
81,N78,N83,0,0.0217113535502958,0.0016613905325443,0,0,0,0,0,0,0,0,0
82,N79,N84,0,0.0010352304918639,0.000164801266642,0,0,0,0,0,0,0,0,0
83,N80,N85,0,0.0002293089866863,3.650434541420118e-05,0,0,0,0,0,0,0,0,0
84,N81,N86,0,0.0011041087278106,0.0004522855029585,0,0,0,0,0,0,0,0,0
85,N82,N87,0,0.0056975152551775,0.000142079095784,0,0,0,0,0,0,0,0,0
86,N84,N88,0,0.0020992843934911,0.0003341910133136,0,0,0,0,0,0,0,0,0
87,N85,N89,0,0.0002160724852071,3.439718934911243e-05,0,0,0,0,0,0,0,0,0
88,N86,N90,0,0.0002628358912721,0.000107667714497,0,0,0,0,0,0,0,0,0
89,N87,N91,0,0.0020565745192307,5.128485576923078e-05,0,0,0,0,0,0,0,0,0
90,N88,N92,0,0.0019797229105029,0.0003151576830621,0,0,0,0,0,0,0,0,0
91,N90,N93,0,5.011539386094675e-05,2.0529197485207105e-05,0,0,0,0,0,0,0,0,0
92,N91,N94,0,0.0006383896542159,1.5919540495562133e-05,0,0,0,0,0,0,0,0,0
93,N92,N95,0,0.0011506890717455,0.0001831814441568,0,0,0,0,0,0,0,0,0
94,N93,N96,0,6.603472633136095e-05,2.7050369822485217e-05,0,0,0,0,0,0,0,0,0
95,N94,N97,0,0.0006748192492603,1.6827986316568048e-05,0,0,0,0,0,0,0,0,0
96,N95,N98,0,0.0007599442492603,0.0001209776719674,0,0,0,0,0,0,0,0,0
97,N96,N99,0,2.855887573964497e-05,1.169881656804734e-05,0,0,0,0,0,0,0,0,0
98,N97,N100,0,0.0016441584689349,4.100042529585799e-05,0,0,0,0,0,0,0,0,0
99,N98,N101,0,0.0010492710798816,0.0001670364275147,0,0,0,0,0,0,0,0,0
100,N99,N102,0,0.0038997568417159,0.0015974907544378,0,0,0,0,0,0,0,0,0
101,N100,N103,0,0.0052456781619822,0.0001308116216715,0,0,0,0,0,0,0,0,0
102,N101,N104,0,0.0001186474667159,8.9985438239645e-05,0,0,0,0,0,0,0,0,0
103,N101,N105,0,0.000692792714497,0.0001102876294378,0,0,0,0,0,0,0,0,0
104,N102,N106,0,0.0001696527366863,6.949630177514793e-05,0,0,0,0,0,0,0,0,0
105,N104,N107,0,0.0001435470599112,0.0001088699611686,0,0,0,0,0,0,0,0,0
106,N105,N108,0,0.0003928478180473,6.253855399408284e-05,0,0,0,0,0,0,0,0,0
107,N106,N109,0,0.0003459740199704,0.0001417242973372,0,0,0,0,0,0,0,0,0
108,N107,N110,0,0.0001663812869822,0.0001261880547337,0,0,0,0,0,0,0,0,0
109,N108,N111,0,0.0155007267011834,0.002467604474852,0,0,0,0,0,0,0,0,0
110,N109,N112,0,0.0091906231508875,0.0037648335798816,0,0,0,0,0,0,0,0,0
111,N110,N113,0,0.0002536820913461,0.0001923993389423,0,0,0,0,0,0,0,0,0
112,N111,N114,0,0.001552835428994,0.0002472002588757,0,0,0,0,0,0,0,0,0
113,N112,N115,0,0.0081812860576923,0.0033513701923076,0,0,0,0,0,0,0,0,0
114,N113,N116,0,0.0003261427052514,0.0002473554225221,0,0,0,0,0,0,0,0,0
115,N114,N117,0,0.000454874260355,0.0003449889053254,0,0,0,0,0,0,0,0,0
116,N114,N118,0,0.0046303365384615,0.0012336298076923,0,0,0,0,0,0,0,0,0
117,N115,N119,0,0.0007632684911242,0.0003126642011834,0,0,0,0,0,0,0,0,0
118,N116,N120,0,0.0002341392843934,0.0001775775471523,0,0,0,0,0,0,0,0,0
119,N117,N121,0,0.003575238997781,8.915583394970416e-05,0,0,0,0,0,0,0,0,0
120,N117,N122,0,0.0002214755454881,0.0001679730260724,0,0,0,0,0,0,0,0,0
121,N118,N123,0,0.0083502107988165,0.0022246911982248,0,0,0,0,0,0,0,0,0
122,N119,N124,0,0.000556198224852,0.0002278402366863,0,0,0,0,0,0,0,0,0
123,N120,N125,0,0.0003308370931952,0.0002509157729289,0,0,0,0,0,0,0,0,0
124,N121,N126,0,0.0030958732433431,7.720187684911245e-05,0,0,0,0,0,0,0,0,0
125,N122,N127,0,0.0010404178994082,0.0007890809911242,0,0,0,0,0,0,0,0,0
126,N123,N128,0,0.003755086908284,0.001000442862426,0,0,0,0,0,0,0,0,0
127,N124,N129,0,0.0004797056213017,0.0001965059171597,0,0,0,0,0,0,0,0,0
128,N125,N130,0,0.0003579419378698,0.0002714728180473,0,0,0,0,0,0,0,0,0
129,N126,N131,0,0.0021866933247041,5.452963202662723e-05,0,0,0,0,0,0,0,0,0
130,N127,N132,0,0.0203142566568047,0.0015544822485207,0,0,0,0,0,0,0,0,0
131,N127,N133,0,0.0029533089866863,0.0022398691752958,0,0,0,0,0,0,0,0,0
132,N128,N134,0,0.0011172415865384,0.0002976592548076,0,0,0,0,0,0,0,0,0
133,N129,N135,0,0.0014736029955621,0.0006036446005917,0,0,0,0,0,0,0,0,0
134,N130,N136,0,0.0003375680473372,0.0002560207100591,0,0,0,0,0,0,0,0,0
135,N131,N137,0,0.0033834559911242,8.437333579881657e-05,0,0,0,0,0,0,0,0,0
136,N132,N138,0,0.0017494545118343,0.0001338713017751,0,0,0,0,0,0,0,0,0
137,N133,N139,0,0.002197105214497,0.0016663438424556,0,0,0,0,0,0,0,0,0
138,N134,N140,0,0.0012611447855029,0.0003359984282544,0,0,0,0,0,0,0,0,0
139,N135,N141,0,0.001084080066568,0.0004440809911242,0,0,0,0,0,0,0,0,0
140,N136,N142,0,0.0005550157174556,0.0004209388868343,0,0,0,0,0,0,0,0,0
141,N137,N143,0,0.0039973451368343,9.968190643491128e-05,0,0,0,0,0,0,0,0,0
142,N138,N144,0,0.0017165472448224,0.0001313531804733,0,0,0,0,0,0,0,0,0
143,N139,N145,0,0.0014713470784023,0.0011159093010355,0,0,0,0,0,0,0,0,0
144,N140,N146,0,0.0011860835798816,0.0003160003698224,0,0,0,0,0,0,0,0,0
145,N141,N147,0,0.0001845783099112,7.561039201183435e-05,0,0,0,0,0,0,0,0,0
146,N142,N148,0,0.0026389783653846,0.0020014723557692,0,0,0,0,0,0,0,0,0
147,N143,N149,0,0.0035605570451183,8.878970968934912e-05,0,0,0,0,0,0,0,0,0
148,N144,N150,0,0.0013860392011834,0.0001060621301775,0,0,0,0,0,0,0,0,0
149,N145,N151,0,0.0014693310835798,0.0011143803161982,0,0,0,0,0,0,0,0,0
150,N145,N152,0,0.0272795395710059,0.0020874778106508,0,0,0,0,0,0,0,0,0
151,N146,N153,0,0.0013839330621301,0.0003687120931952,0,0,0,0,0,0,0,0,0
152,N147,N154,0,6.376634615384617e-05,2.6121153846153857e-05,0,0,0,0,0,0,0,0,0
153,N148,N155,0,0.0005748876664201,0.0004360103088017,0,0,0,0,0,0,0,0,0
154,N149,N156,0,0.0040210197855029,0.0001002722818047,0,0,0,0,0,0,0,0,0
155,N150,N157,0,0.0020803346893491,0.0001591908284023,0,0,0,0,0,0,0,0,0
156,N151,N158,0,0.0038967534208579,0.0029554028753698,0,0,0,0,0,0,0,0,0
157,N152,N159,0,0.001660408191568,0.0001270573224852,0,0,0,0,0,0,0,0,0
158,N153,N160,0,0.0003982195821005,0.0001060949981508,0,0,0,0,0,0,0,0,0
159,N154,N161,0,9.405029585798818e-05,3.8526627218934915e-05,0,0,0,0,0,0,0,0,0
160,N155,N162,0,0.0624238627958579,0.0047767825443786,0,0,0,0,0,0,0,0,0
161,N155,N163,0,0.0021741475591715,0.0016489321375739,0,0,0,0,0,0,0,0,0
162,N156,N164,0,0.0037332535133136,9.309624630177516e-05,0,0,0,0,0,0,0,0,0
163,N157,N165,0,0.0025080759985207,0.0001919223372781,0,0,0,0,0,0,0,0,0
164,N158,N166,0,0.0013535553809171,0.0010265729012573,0,0,0,0,0,0,0,0,0
165,N159,N167,0,0.001516870839497,0.0001160735946745,0,0,0,0,0,0,0,0,0
166,N160,N168,0,0.0022623492973372,0.0006027426960059,0,0,0,0,0,0,0,0,0
167,N161,N169,0,0.0001915231139053,7.845525147928995e-05,0,0,0,0,0,0,0,0,0
168,N162,N170,0,0.0117929225221893,0.0009024149408284,0,0,0,0,0,0,0,0,0
169,N163,N171,0,0.002886410872781,0.0021891318417159,0,0,0,0,0,0,0,0,0
170,N164,N172,0,0.003169466531065,7.903707470414201e-05,0,0,0,0,0,0,0,0,0
171,N165,N173,0,0.0018947993713017,0.0001449933431952,0,0,0,0,0,0,0,0,0
172,N166,N174,0,0.001612096431213,0.0012226574056952,0,0,0,0,0,0,0,0,0
173,N166,N175,0,0.0223519554363905,0.0017104105029585,0,0,0,0,0,0,0,0,0
174,N167,N176,0,0.0006301289755917,4.8218565088757395e-05,0,0,0,0,0,0,0,0,0
175,N168,N177,0,0.0012777884615384,0.0003404326923076,0,0,0,0,0,0,0,0,0
176,N170,N178,0,0.0243311760355029,0.0018618639053254,0,0,0,0,0,0,0,0,0
177,N171,N179,0,0.0004862250369822,0.0003687661797337,0,0,0,0,0,0,0,0,0
178,N171,N180,0,0.0128779585798816,0.0009854437869822,0,0,0,0,0,0,0,0,0
179,N172,N181,0,0.0032962818971893,8.21994730029586e-05,0,0,0,0,0,0,0,0,0
180,N173,N182,0,0.0021926127958579,0.0001677825443786,0,0,0,0,0,0,0,0,0
181,N174,N183,0,0.0002417671505177,0.0001833627265162,0,0,0,0,0,0,0,0,0
182,N175,N184,0,0.002414032451923,0.0001847259615384,0,0,0,0,0,0,0,0,0
183,N176,N185,0,0.0013582354844674,0.0001039345414201,0,0,0,0,0,0,0,0,0
184,N177,N186,0,0.0009485375369822,0.0002527125554733,0,0,0,0,0,0,0,0,0
185,N179,N187,0,0.0019134259430473,0.00145119383321,0,0,0,0,0,0,0,0,0
186,N180,N188,0,0.0532991401627218,0.0040785428994082,0,0,0,0,0,0,0,0,0
187,N181,N189,0,0.0028284781804733,7.053383875739646e-05,0,0,0,0,0,0,0,0,0
188,N182,N190,0,0.0020616216715976,0.0001577588757396,0,0,0,0,0,0,0,0,0
189,N183,N191,0,0.000952495839497,0.0007223985299556,0,0,0,0,0,0,0,0,0
190,N183,N192,0,0.000114339820636,8.671840329142012e-05,0,0,0,0,0,0,0,0,0
191,N184,N193,0,0.0023350337463017,0.0001786808431952,0,0,0,0,0,0,0,0,0
192,N185,N194,0,0.0034594096708579,0.0002647200443786,0,0,0,0,0,0,0,0,0
193,N186,N195,0,0.0008527794008875,0.0002272003513313,0,0,0,0,0,0,0,0,0
194,N187,N196,0,0.0034163295118343,0.0025910364275147,0,0,0,0,0,0,0,0,0
195,N188,N197,0,0.0104170904215976,0.0007971338757396,0,0,0,0,0,0,0,0,0
196,N188,N198,0,0.0060205944896449,0.0004607063609467,0,0,0,0,0,0,0,0,0
197,N189,N199,0,0.0035141253698224,8.763184171597635e-05,0,0,0,0,0,0,0,0,0
198,N190,N200,0,0.0022181837093195,0.0001697392751479,0,0,0,0,0,0,0,0,0
199,N191,N201,0,0.0003832035872781,0.0002906319341715,0,0,0,0,0,0,0,0,0
200,N192,N202,0,6.766748335798817e-05,5.132084411982249e-05,0,0,0,0,0,0,0,0,0
201,N193,N203,0,0.0018677930843195,0.0001429267751479,0,0,0,0,0,0,0,0,0
202,N194,N204,0,0.002029618158284,0.0001553099112426,0,0,0,0,0,0,0,0,0
203,N195,N205,0,0.0010593940458579,0.0002822473187869,0,0,0,0,0,0,0,0,0
204,N196,N206,0,0.0172643537352071,0.001321098372781,0,0,0,0,0,0,0,0,0
205,N196,N207,0,0.0008792617418639,0.0006668558154585,0,0,0,0,0,0,0,0,0
206,N197,N208,0,0.0263369776257396,0.0020153513313609,0,0,0,0,0,0,0,0,0
207,N198,N209,0,0.0008510170118343,6.512130177514792e-05,0,0,0,0,0,0,0,0,0
208,N199,N210,0,0.008228867418639,0.0002052034948224,0,0,0,0,0,0,0,0,0
209,N200,N211,0,0.0033909370377218,0.0002594803994082,0,0,0,0,0,0,0,0,0
210,N202,N212,0,6.387823594674557e-05,4.844697670118344e-05,0,0,0,0,0,0,0,0,0
211,N203,N213,0,0.0014878443971893,0.0001138524408284,0,0,0,0,0,0,0,0,0
212,N204,N214,0,0.0014215514053254,0.0001087795857988,0,0,0,0,0,0,0,0,0
213,N205,N215,0,0.001954935281065,0.0005208404215976,0,0,0,0,0,0,0,0,0
214,N206,N216,0,0.056508529031065,0.0043241309171597,0,0,0,0,0,0,0,0,0
215,N207,N217,0,0.0015869170673076,0.0012035606971153,0,0,0,0,0,0,0,0,0
216,N209,N218,0,0.0006863211908284,5.2518491124260354e-05,0,0,0,0,0,0,0,0,0
217,N210,N219,0,0.0123355931028106,0.000307613026997,0,0,0,0,0,0,0,0,0
218,N211,N220,0,0.0092602856878698,0.0007086131656804,0,0,0,0,0,0,0,0,0
219,N212,N221,0,6.996736316568047e-05,5.30651349852071e-05,0,0,0,0,0,0,0,0,0
220,N213,N222,0,0.0031455413276627,0.0002407022928994,0,0,0,0,0,0,0,0,0
221,N214,N223,0,0.0027344928809171,0.0002092481508875,0,0,0,0,0,0,0,0,0
222,N215,N224,0,0.0017043934911242,0.0004540902366863,0,0,0,0,0,0,0,0,0
223,N216,N225,0,0.0243598835059171,0.0018640606508875,0,0,0,0,0,0,0,0,0
224,N217,N226,0,0.0005666179733727,0.0004297383505917,0,0,0,0,0,0,0,0,0
225,N218,N227,0,0.0005484721708579,4.1970044378698226e-05,0,0,0,0,0,0,0,0,0
226,N220,N228,0,0.000789561760355,6.041863905325444e-05,0,0,0,0,0,0,0,0,0
227,N221,N229,0,9.575152551775148e-05,7.26205390162722e-05,0,0,0,0,0,0,0,0,0
228,N222,N230,0,0.0024771888868343,0.0001895588017751,0,0,0,0,0,0,0,0,0
229,N223,N231,0,0.0013610530695266,0.0001041501479289,0,0,0,0,0,0,0,0,0
230,N224,N232,0,0.0011594080991124,0.0003088933986686,0,0,0,0,0,0,0,0,0
231,N226,N233,0,0.0632356462647929,0.0048389016272189,0,0,0,0,0,0,0,0,0
232,N226,N234,0,0.000463802237426,0.0003517601238905,0,0,0,0,0,0,0,0,0
233,N227,N235,0,0.0008372480584319,6.40676775147929e-05,0,0,0,0,0,0,0,0,0
234,N228,N236,0,0.0003646911982248,2.790680473372781e-05,0,0,0,0,0,0,0,0,0
235,N229,N237,0,8.533829511834319e-05,6.472286427514793e-05,0,0,0,0,0,0,0,0,0
236,N230,N238,0,0.0017183015902366,0.0001314874260355,0,0,0,0,0,0,0,0,0
237,N231,N239,0,0.0009664316752958,7.39530325443787e-05,0,0,0,0,0,0,0,0,0
238,N232,N240,0,0.0007616318417159,0.0002029165125739,0,0,0,0,0,0,0,0,0
239,N233,N241,0,0.0091832008136094,0.0007027144970414,0,0,0,0,0,0,0,0,0
240,N235,N242,0,0.0009814233542899,7.510022189349113e-05,0,0,0,0,0,0,0,0,0
241,N236,N243,0,0.0003900813609467,2.9849704142011837e-05,0,0,0,0,0,0,0,0,0
242,N237,N244,0,6.945307877218935e-05,5.267508783284024e-05,0,0,0,0,0,0,0,0,0
243,N238,N245,0,0.0017142081176035,0.0001311741863905,0,0,0,0,0,0,0,0,0
244,N239,N246,0,0.0110555658284023,0.0008459911242603,0,0,0,0,0,0,0,0,0
245,N240,N247,0,0.0016391614275147,0.0004367108912721,0,0,0,0,0,0,0,0,0
246,N241,N248,0,0.0281875462278106,0.0021569600591715,0,0,0,0,0,0,0,0,0
247,N241,N249,0,0.0281875462278106,0.0021569600591715,0,0,0,0,0,0,0,0,0
248,N242,N250,0,0.0015074080066568,0.0001153494822485,0,0,0,0,0,0,0,0,0
249,N243,N251,0,0.0003727399223372,2.852270710059171e-05,0,0,0,0,0,0,0,0,0
250,N244,N252,0,5.470751664201184e-05,4.149165588017752e-05,0,0,0,0,0,0,0,0,0
251,N245,N253,0,0.0025078101886094,0.0001919019970414,0,0,0,0,0,0,0,0,0
252,N246,N254,0,0.0032601053994082,0.0002494689349112,0,0,0,0,0,0,0,0,0
253,N247,N255,0,0.0242514330621301,0.0018557618343195,0,0,0,0,0,0,0,0,0
254,N247,N256,0,0.0010852335428994,0.0002891315643491,0,0,0,0,0,0,0,0,0
255,N250,N257,0,0.0055160872781065,0.0004221005917159,0,0,0,0,0,0,0,0,0
256,N251,N258,0,0.0004152482433431,3.177551775147929e-05,0,0,0,0,0,0,0,0,0
257,N252,N259,0,7.127158838757398e-05,5.405429456360948e-05,0,0,0,0,0,0,0,0,0
258,N253,N260,0,0.0094319988905325,0.0007217529585798,0,0,0,0,0,0,0,0,0
259,N254,N261,0,0.0007293823964497,5.581360946745562e-05,0,0,0,0,0,0,0,0,0
260,N255,N262,0,0.0033523946005917,0.0002565310650887,0,0,0,0,0,0,0,0,0
261,N256,N263,0,0.0040694674556213,0.0010842011834319,0,0,0,0,0,0,0,0,0
262,N257,N264,0,0.0268468010355029,0.0020543639053254,0,0,0,0,0,0,0,0,0
263,N258,N265,0,0.0008571306397928,6.558912721893492e-05,0,0,0,0,0,0,0,0,0
264,N259,N266,0,7.996505177514794e-05,6.064765162721894e-05,0,0,0,0,0,0,0,0,0
265,N260,N267,0,0.0022014376849112,0.0001684578402366,0,0,0,0,0,0,0,0,0
266,N261,N268,0,0.0183823502218934,0.001406649408284,0,0,0,0,0,0,0,0,0
267,N261,N269,0,0.0006310858912721,4.82917899408284e-05,0,0,0,0,0,0,0,0,0
268,N262,N270,0,0.0015412190273668,0.000117936760355,0,0,0,0,0,0,0,0,0
269,N263,N271,0,0.0226188285872781,0.0017308321005917,0,0,0,0,0,0,0,0,0
270,N263,N272,0,0.0013669600591715,0.0003641900887573,0,0,0,0,0,0,0,0,0
271,N265,N273,0,0.0008926960059171,6.831065088757397e-05,0,0,0,0,0,0,0,0,0
272,N266,N274,0,7.359615384615387e-05,5.58173076923077e-05,0,0,0,0,0,0,0,0,0
273,N267,N275,0,0.0010085359652366,7.717492603550295e-05,0,0,0,0,0,0,0,0,0
274,N268,N276,0,0.018217548076923,0.0013940384615384,0,0,0,0,0,0,0,0,0
275,N269,N277,0,0.0007399084689349,5.6619082840236686e-05,0,0,0,0,0,0,0,0,0
276,N270,N278,0,0.0018305265347633,0.0001400750739644,0,0,0,0,0,0,0,0,0
277,N271,N279,0,0.0016441406249999,0.0001258125,0,0,0,0,0,0,0,0,0
278,N272,N280,0,0.004955230214497,0.0013201890717455,0,0,0,0,0,0,0,0,0
279,N273,N281,0,0.003394605214497,0.0002597610946745,0,0,0,0,0,0,0,0,0
280,N274,N282,0,0.0002490864460059,0.0001889138775887,0,0,0,0,0,0,0,0,0
281,N275,N283,0,0.0006630362426035,5.073668639053255e-05,0,0,0,0,0,0,0,0,0
282,N277,N284,0,0.0006686714127218,5.116789940828402e-05,0,0,0,0,0,0,0,0,0
283,N278,N285,0,0.0028242834689349,0.0002161190828402,0,0,0,0,0,0,0,0,0
284,N279,N286,0,0.001355152089497,0.0001036985946745,0,0,0,0,0,0,0,0,0
285,N280,N287,0,0.0038032535133136,0.0006081961908284,0,0,0,0,0,0,0,0,0
286,N280,N288,0,0.0011565201553254,0.0003081239829881,0,0,0,0,0,0,0,0,0
287,N281,N289,0,0.018022443602071,0.0013791087278106,0,0,0,0,0,0,0,0,0
288,N282,N290,0,0.0003334373150887,0.0002528878513313,0,0,0,0,0,0,0,0,0
289,N283,N291,0,0.0046579465606508,0.0003564341715976,0,0,0,0,0,0,0,0,0
290,N283,N292,0,0.0005745215421597,4.39633875739645e-05,0,0,0,0,0,0,0,0,0
291,N284,N293,0,0.0006772304918639,5.18228550295858e-05,0,0,0,0,0,0,0,0,0
292,N285,N294,0,0.0025166350776627,0.0001925772928994,0,0,0,0,0,0,0,0,0
293,N286,N295,0,0.0019248890532544,0.0001472958579881,0,0,0,0,0,0,0,0,0
294,N287,N296,0,0.0017505546412721,0.000279939441568,0,0,0,0,0,0,0,0,0
295,N288,N297,0,0.0048469323224852,0.0012913359837278,0,0,0,0,0,0,0,0,0
296,N291,N298,0,0.0021396634615384,0.0001637307692307,0,0,0,0,0,0,0,0,0
297,N292,N299,0,0.0004066094212278,3.11144600591716e-05,0,0,0,0,0,0,0,0,0
298,N293,N300,0,0.0007281596708579,5.5720044378698235e-05,0,0,0,0,0,0,0,0,0
299,N294,N301,0,0.0019566267566568,0.0001497244822485,0,0,0,0,0,0,0,0,0
300,N295,N302,0,0.0086457331730769,0.0006615865384615,0,0,0,0,0,0,0,0,0
301,N296,N303,0,0.0114357775517751,0.0018287490754437,0,0,0,0,0,0,0,0,0
302,N297,N304,0,0.0010699071745562,0.0002850482618343,0,0,0,0,0,0,0,0,0
303,N298,N305,0,0.0036213410687869,0.000277111316568,0,0,0,0,0,0,0,0,0
304,N299,N306,0,0.0004731735392011,3.620806213017752e-05,0,0,0,0,0,0,0,0,0
305,N300,N307,0,0.0042229220599112,0.0003231453402366,0,0,0,0,0,0,0,0,0
306,N301,N308,0,0.0024355098927514,0.0001863694526627,0,0,0,0,0,0,0,0,0
307,N302,N309,0,0.0016643953402366,0.0001273624260355,0,0,0,0,0,0,0,0,0
308,N303,N310,0,0.0008541601793639,0.0001365927792159,0,0,0,0,0,0,0,0,0
309,N304,N311,0,0.0003555084134615,9.471574519230769e-05,0,0,0,0,0,0,0,0,0
310,N305,N312,0,0.006950929178994,0.0005318971893491,0,0,0,0,0,0,0,0,0
311,N306,N313,0,0.0009050295857988,6.925443786982248e-05,0,0,0,0,0,0,0,0,0
312,N307,N314,0,0.0178613627958579,0.0013667825443786,0,0,0,0,0,0,0,0,0
313,N308,N315,0,0.0025190273668639,0.0001927603550295,0,0,0,0,0,0,0,0,0
314,N309,N316,0,0.0012323479105029,9.43014053254438e-05,0,0,0,0,0,0,0,0,0
315,N310,N317,0,0.0034503721338757,0.0002640284763313,0,0,0,0,0,0,0,0,0
316,N310,N318,0,0.015645546875,0.002501953125,0,0,0,0,0,0,0,0,0
317,N311,N319,0,0.0001855503883136,4.943495747041421e-05,0,0,0,0,0,0,0,0,0
318,N312,N320,0,0.020464705066568,0.0015659948224852,0,0,0,0,0,0,0,0,0
319,N313,N321,0,0.0034709458210059,0.0002656028106508,0,0,0,0,0,0,0,0,0
320,N315,N322,0,0.0029713295118343,0.0002273713017751,0,0,0,0,0,0,0,0,0
321,N316,N323,0,0.0014195312499999,0.0001086249999999,0,0,0,0,0,0,0,0,0
322,N317,N324,0,0.017770455806213,0.0013598261834319,0,0,0,0,0,0,0,0,0
323,N318,N325,0,0.0075082928069526,0.0012006864829881,0,0,0,0,0,0,0,0,0
324,N319,N326,0,0.000158836908284,4.23178624260355e-05,0,0,0,0,0,0,0,0,0
325,N321,N327,0,0.0118450212647929,0.0009064016272189,0,0,0,0,0,0,0,0,0
326,N322,N328,0,0.0016932622965976,0.0001295713757396,0,0,0,0,0,0,0,0,0
327,N323,N329,0,0.0014081545857988,0.0001077544378698,0,0,0,0,0,0,0,0,0
328,N324,N330,0,0.0062040033284023,0.0004747411242603,0,0,0,0,0,0,0,0,0
329,N325,N331,0,0.0485539016272189,0.0037154289940828,0,0,0,0,0,0,0,0,0
330,N325,N332,0,0.0144674098557692,0.0023135516826923,0,0,0,0,0,0,0,0,0
331,N326,N333,0,0.0001806484837278,4.812897559171597e-05,0,0,0,0,0,0,0,0,0
332,N328,N334,0,0.0076494776257396,0.0005853513313609,0,0,0,0,0,0,0,0,0
333,N329,N335,0,0.0123707932692307,0.0009466346153846,0,0,0,0,0,0,0,0,0
334,N330,N336,0,0.0135026118713017,0.0010332433431952,0,0,0,0,0,0,0,0,0
335,N331,N337,0,0.0192297522189349,0.0014714940828402,0,0,0,0,0,0,0,0,0
336,N332,N338,0,0.0361857664571005,0.002768997781065,0,0,0,0,0,0,0,0,0
337,N332,N339,0,0.0026296694711538,0.0004205228365384,0,0,0,0,0,0,0,0,0
338,N333,N340,0,0.0001423198964497,3.791734467455621e-05,0,0,0,0,0,0,0,0,0
339,N334,N341,0,0.0029770178439349,0.0002278065828402,0,0,0,0,0,0,0,0,0
340,N335,N342,0,0.0252875600961538,0.001935048076923,0,0,0,0,0,0,0,0,0
341,N336,N343,0,0.011068324704142,0.0008469674556213,0,0,0,0,0,0,0,0,0
342,N336,N344,0,0.005207747781065,0.0003985059171597,0,0,0,0,0,0,0,0,0
343,N338,N345,0,0.0181925619452662,0.0013921264792899,0,0,0,0,0,0,0,0,0
344,N339,N346,0,0.0022528564164201,0.000360264885355,0,0,0,0,0,0,0,0,0
345,N340,N347,0,0.0001193202107988,3.178969119822485e-05,0,0,0,0,0,0,0,0,0
346,N341,N348,0,0.0010342132026627,7.913979289940828e-05,0,0,0,0,0,0,0,0,0
347,N343,N349,0,0.0165615523298816,0.0012673187869822,0,0,0,0,0,0,0,0,0
348,N344,N350,0,0.0007251294378698,5.548816568047337e-05,0,0,0,0,0,0,0,0,0
349,N345,N351,0,0.0016929964866863,0.0001295510355029,0,0,0,0,0,0,0,0,0
350,N346,N352,0,0.0015846745099852,0.0002534127681213,0,0,0,0,0,0,0,0,0
351,N347,N353,0,0.0001076645710059,2.8684356508875744e-05,0,0,0,0,0,0,0,0,0
352,N348,N354,0,0.0007791420118343,5.962130177514793e-05,0,0,0,0,0,0,0,0,0
353,N350,N355,0,0.0007875416050295,6.026405325443787e-05,0,0,0,0,0,0,0,0,0
354,N351,N356,0,0.0006991863905325,5.3502958579881654e-05,0,0,0,0,0,0,0,0,0
355,N352,N357,0,0.0020022692307692,0.0003201923076923,0,0,0,0,0,0,0,0,0
356,N353,N358,0,8.910699889053256e-05,2.3740185835798816e-05,0,0,0,0,0,0,0,0,0
357,N354,N359,0,0.0005700559356508,4.362167159763314e-05,0,0,0,0,0,0,0,0,0
358,N355,N360,0,0.0006898298816568,5.27869822485207e-05,0,0,0,0,0,0,0,0,0
359,N356,N361,0,0.0004933485114644,3.7751886094674555e-05,0,0,0,0,0,0,0,0,0
360,N357,N362,0,0.0012546053531804,0.0002006298539201,0,0,0,0,0,0,0,0,0
361,N358,N363,0,0.0001033693879437,2.7540019415680473e-05,0,0,0,0,0,0,0,0,0
362,N359,N364,0,0.0002894776257396,2.2151331360946743e-05,0,0,0,0,0,0,0,0,0
363,N360,N365,0,0.0007329442492603,5.6086168639053254e-05,0,0,0,0,0,0,0,0,0
364,N361,N366,0,0.0005046188517011,3.861431213017752e-05,0,0,0,0,0,0,0,0,0
365,N362,N367,0,0.0019265814071745,0.0003080887111686,0,0,0,0,0,0,0,0,0
366,N363,N368,0,0.0001136101886094,3.026840791420118e-05,0,0,0,0,0,0,0,0,0
367,N364,N369,0,0.0004255935650887,3.256715976331361e-05,0,0,0,0,0,0,0,0,0
368,N365,N370,0,0.0010460683247041,8.00469674556213e-05,0,0,0,0,0,0,0,0,0
369,N366,N371,0,0.0005954142011834,4.55621301775148e-05,0,0,0,0,0,0,0,0,0
370,N367,N372,0,0.0019205758136094,0.0003071283284023,0,0,0,0,0,0,0,0,0
371,N368,N373,0,0.0006193626109467,0.0001650126664201,0,0,0,0,0,0,0,0,0
372,N369,N374,0,0.0007134338017751,5.459319526627219e-05,0,0,0,0,0,0,0,0,0
373,N370,N375,0,0.0012716877773668,9.73117603550296e-05,0,0,0,0,0,0,0,0,0
374,N371,N376,0,0.0007510724852071,5.747337278106508e-05,0,0,0,0,0,0,0,0,0
375,N372,N377,0,0.0021549457285502,0.0003446075258875,0,0,0,0,0,0,0,0,0
376,N373,N378,0,0.0046673224852071,0.0012434837278106,0,0,0,0,0,0,0,0,0
377,N373,N379,0,0.0075038137943786,0.0005742048816568,0,0,0,0,0,0,0,0,0
378,N374,N380,0,0.0031822230954142,0.0002435092455621,0,0,0,0,0,0,0,0,0
379,N375,N381,0,0.0078823271079881,0.0006031693786982,0,0,0,0,0,0,0,0,0
380,N376,N382,0,0.0006726585613905,5.147300295857988e-05,0,0,0,0,0,0,0,0,0
381,N377,N383,0,0.0015593946468195,0.0002493701460798,0,0,0,0,0,0,0,0,0
382,N378,N384,0,0.0044702329881656,0.0011909744822485,0,0,0,0,0,0,0,0,0
383,N379,N385,0,0.0460744267751479,0.0035256952662721,0,0,0,0,0,0,0,0,0
384,N379,N386,0,0.0077409162352071,0.000592348372781,0,0,0,0,0,0,0,0,0
385,N380,N387,0,0.0116977625739644,0.0008951331360946,0,0,0,0,0,0,0,0,0
386,N381,N388,0,0.0269712000739645,0.0020638831360946,0,0,0,0,0,0,0,0,0
387,N382,N389,0,0.0005322577662721,4.072928994082841e-05,0,0,0,0,0,0,0,0,0
388,N383,N390,0,0.0018586553254437,0.0002972263313609,0,0,0,0,0,0,0,0,0
389,N384,N391,0,0.0001990021264792,5.3018814718934914e-05,0,0,0,0,0,0,0,0,0
390,N385,N392,0,0.0168390578772189,0.0012885539940828,0,0,0,0,0,0,0,0,0
391,N386,N393,0,0.0416444387943786,0.0031867048816568,0,0,0,0,0,0,0,0,0
392,N389,N394,0,0.0009134823409763,6.990125739644972e-05,0,0,0,0,0,0,0,0,0
393,N390,N395,0,0.0026968800850591,0.0004312708025147,0,0,0,0,0,0,0,0,0
394,N391,N396,0,0.0215842964127218,0.0016516678994082,0,0,0,0,0,0,0,0,0
395,N391,N397,0,0.0036470423446745,0.0009716572670118,0,0,0,0,0,0,0,0,0
396,N392,N398,0,0.0017139954696745,0.0001311579142011,0,0,0,0,0,0,0,0,0
397,N393,N399,0,0.0030238535502958,0.0002313905325443,0,0,0,0,0,0,0,0,0
398,N394,N400,0,0.0031888683431952,0.0002440177514792,0,0,0,0,0,0,0,0,0
399,N395,N401,0,0.0019994073594674,0.0003197346523668,0,0,0,0,0,0,0,0,0
400,N396,N402,0,0.0019776789016272,0.000151335428994,0,0,0,0,0,0,0,0,0
401,N397,N403,0,0.001759492418639,0.0004687698779585,0,0,0,0,0,0,0,0,0
402,N398,N404,0,0.0011961446005917,9.153106508875738e-05,0,0,0,0,0,0,0,0,0
403,N399,N405,0,0.001318789293639,0.0001009160502958,0,0,0,0,0,0,0,0,0
404,N400,N406,0,0.0194955621301775,0.0014918343195266,0,0,0,0,0,0,0,0,0
405,N401,N407,0,0.001928749491494,0.0003084354197485,0,0,0,0,0,0,0,0,0
406,N402,N408,0,0.0011242696005917,8.60310650887574e-05,0,0,0,0,0,0,0,0,0
407,N403,N409,0,0.005308116678994,0.0014142062684911,0,0,0,0,0,0,0,0,0
408,N403,N410,0,0.0004801839866863,0.0001279322300295,0,0,0,0,0,0,0,0,0
409,N404,N411,0,0.0012390994822485,9.481804733727813e-05,0,0,0,0,0,0,0,0,0
410,N405,N412,0,0.0008881240754437,6.796079881656805e-05,0,0,0,0,0,0,0,0,0
411,N407,N413,0,0.001887664293639,0.0003018652921597,0,0,0,0,0,0,0,0,0
412,N408,N414,0,0.0007634060650887,5.8417159763313615e-05,0,0,0,0,0,0,0,0,0
413,N409,N415,0,0.0075600795118343,0.0020141817677514,0,0,0,0,0,0,0,0,0
414,N410,N416,0,0.0001202309264053,3.2032327107988165e-05,0,0,0,0,0,0,0,0,0
415,N411,N417,0,0.0052034948224852,0.0003981804733727,0,0,0,0,0,0,0,0,0
416,N412,N418,0,0.0014860900517751,0.0001137181952662,0,0,0,0,0,0,0,0,0
417,N413,N419,0,0.0022702010909763,0.000363038553994,0,0,0,0,0,0,0,0,0
418,N414,N420,0,0.0012441498705621,9.520451183431952e-05,0,0,0,0,0,0,0,0,0
419,N415,N421,0,0.001582035872781,0.0004214913091715,0,0,0,0,0,0,0,0,0
420,N416,N422,0,8.432415865384615e-05,2.2465925480769233e-05,0,0,0,0,0,0,0,0,0
421,N417,N423,0,0.0012705713757396,9.722633136094676e-05,0,0,0,0,0,0,0,0,0
422,N418,N424,0,0.0169820636094674,0.0012994970414201,0,0,0,0,0,0,0,0,0
423,N419,N425,0,0.0038021694711538,0.0006080228365384,0,0,0,0,0,0,0,0,0
424,N419,N426,0,0.0038021694711538,0.0006080228365384,0,0,0,0,0,0,0,0,0
425,N420,N427,0,0.0041356300850591,0.0003164656065088,0,0,0,0,0,0,0,0,0
426,N421,N428,0,0.0004043501294378,0.0001077283191568,0,0,0,0,0,0,0,0,0
427,N422,N429,0,0.0001049704234467,2.7966572670118347e-05,0,0,0,0,0,0,0,0,0
428,N423,N430,0,0.0012119868713017,9.274334319526628e-05,0,0,0,0,0,0,0,0,0
429,N424,N431,0,0.0060237842085798,0.0004609504437869,0,0,0,0,0,0,0,0,0
430,N425,N432,0,0.0128244355584319,0.0020508159208579,0,0,0,0,0,0,0,0,0
431,N425,N433,0,0.0128244355584319,0.0020508159208579,0,0,0,0,0,0,0,0,0
432,N427,N434,0,0.0046042529585798,0.0003523254437869,0,0,0,0,0,0,0,0,0
433,N428,N435,0,0.0002118332100591,5.6437315088757395e-05,0,0,0,0,0,0,0,0,0
434,N429,N436,0,9.036730769230772e-05,2.407596153846154e-05,0,0,0,0,0,0,0,0,0
435,N430,N437,0,0.0012053947855029,9.223890532544378e-05,0,0,0,0,0,0,0,0,0
436,N431,N438,0,0.0020414201183431,0.0001562130177514,0,0,0,0,0,0,0,0,0
437,N432,N439,0,0.0181388438424556,0.0029006679918639,0,0,0,0,0,0,0,0,0
438,N432,N440,0,0.0181388438424556,0.0029006679918639,0,0,0,0,0,0,0,0,0
439,N434,N441,0,0.0025894138313609,0.0001981464497041,0,0,0,0,0,0,0,0,0
440,N435,N442,0,0.0001756072485207,4.678587278106509e-05,0,0,0,0,0,0,0,0,0
441,N436,N443,0,9.879807692307694e-05,2.6322115384615385e-05,0,0,0,0,0,0,0,0,0
442,N437,N444,0,0.001382743158284,0.0001058099112426,0,0,0,0,0,0,0,0,0
443,N438,N445,0,0.0036074657914201,0.000276049556213,0,0,0,0,0,0,0,0,0
444,N439,N446,0,0.0130156605954142,0.0020813956176035,0,0,0,0,0,0,0,0,0
445,N439,N447,0,0.0130156605954142,0.0020813956176035,0,0,0,0,0,0,0,0,0
446,N441,N448,0,0.0024324796597633,0.0001861375739644,0,0,0,0,0,0,0,0,0
447,N442,N449,0,0.0001423198964497,3.791734467455621e-05,0,0,0,0,0,0,0,0,0
448,N443,N450,0,0.0001003763128698,2.6742594304733727e-05,0,0,0,0,0,0,0,0,0
449,N444,N451,0,0.0047752218934911,0.0003654082840236,0,0,0,0,0,0,0,0,0
450,N445,N452,0,0.0031560142381656,0.0002415036982248,0,0,0,0,0,0,0,0,0
451,N446,N453,0,0.0039489487795857,0.0006314950073964,0,0,0,0,0,0,0,0,0
452,N446,N454,0,0.0039489487795857,0.0006314950073964,0,0,0,0,0,0,0,0,0
453,N448,N455,0,0.0023207863350591,0.0001775906065088,0,0,0,0,0,0,0,0,0
454,N449,N456,0,0.0002175457655325,5.795927329881657e-05,0,0,0,0,0,0,0,0,0
455,N450,N457,0,6.8691262943787e-05,1.830095691568047e-05,0,0,0,0,0,0,0,0,0
456,N451,N458,0,0.0232705944896449,0.0017807063609467,0,0,0,0,0,0,0,0,0
457,N452,N459,0,0.0035652551775147,0.0002728195266272,0,0,0,0,0,0,0,0,0
458,N453,N460,0,0.0116870585244082,0.001868932599852,0,0,0,0,0,0,0,0,0
459,N453,N461,0,0.0116870585244082,0.001868932599852,0,0,0,0,0,0,0,0,0
460,N453,N462,0,0.0195949750369822,0.0014994415680473,0,0,0,0,0,0,0,0,0
461,N455,N463,0,0.0038103850776627,0.0002915772928994,0,0,0,0,0,0,0,0,0
462,N456,N464,0,0.0001961141826923,5.224939903846154e-05,0,0,0,0,0,0,0,0,0
463,N457,N465,0,5.105960613905326e-05,1.360347170857988e-05,0,0,0,0,0,0,0,0,0
464,N459,N466,0,0.0033715860761834,0.0002579996301775,0,0,0,0,0,0,0,0,0
465,N460,N467,0,0.0129848737980769,0.0020764723557692,0,0,0,0,0,0,0,0,0
466,N460,N468,0,0.0129848737980769,0.0020764723557692,0,0,0,0,0,0,0,0,0
467,N460,N469,0,0.0019142450073964,0.0003061159393491,0,0,0,0,0,0,0,0,0
468,N462,N470,0,0.0028616031804733,0.000218974852071,0,0,0,0,0,0,0,0,0
469,N463,N471,0,0.0026540056397928,0.0002030891272189,0,0,0,0,0,0,0,0,0
470,N464,N472,0,0.0001866523668639,4.972855029585799e-05,0,0,0,0,0,0,0,0,0
471,N465,N473,0,6.269497965976333e-05,1.670340698964497e-05,0,0,0,0,0,0,0,0,0
472,N466,N474,0,0.0170171505177514,0.0013021819526627,0,0,0,0,0,0,0,0,0
473,N467,N475,0,0.004758294656065,0.0007609213202662,0,0,0,0,0,0,0,0,0
474,N467,N476,0,0.004758294656065,0.0007609213202662,0,0,0,0,0,0,0,0,0
475,N470,N477,0,0.0015603573409763,0.0001194012573964,0,0,0,0,0,0,0,0,0
476,N471,N478,0,0.0018647628513313,0.0001426948964497,0,0,0,0,0,0,0,0,0
477,N472,N479,0,0.0002102752403846,5.602223557692308e-05,0,0,0,0,0,0,0,0,0
478,N473,N480,0,8.100555658284023e-05,2.1581772374260353e-05,0,0,0,0,0,0,0,0,0
479,N474,N481,0,0.0010092270710059,7.722781065088757e-05,0,0,0,0,0,0,0,0,0
480,N475,N482,0,0.010066849112426,0.0016098372781065,0,0,0,0,0,0,0,0,0
481,N475,N483,0,0.010066849112426,0.0016098372781065,0,0,0,0,0,0,0,0,0
482,N475,N484,0,0.0546340375369822,0.0041806915680473,0,0,0,0,0,0,0,0,0
483,N477,N485,0,0.0010570196930473,8.088498520710059e-05,0,0,0,0,0,0,0,0,0
484,N478,N486,0,0.0008909948224852,6.818047337278107e-05,0,0,0,0,0,0,0,0,0
485,N479,N487,0,0.0002221183431952,5.91775147928994e-05,0,0,0,0,0,0,0,0,0
486,N480,N488,0,0.000141395247781,3.767099667159763e-05,0,0,0,0,0,0,0,0,0
487,N481,N489,0,0.0009106647559171,6.968565088757396e-05,0,0,0,0,0,0,0,0,0
488,N482,N490,0,0.0144281675295857,0.0023072762573964,0,0,0,0,0,0,0,0,0
489,N482,N491,0,0.0144281675295857,0.0023072762573964,0,0,0,0,0,0,0,0,0
490,N484,N492,0,0.0030725499260355,0.0002351168639053,0,0,0,0,0,0,0,0,0
491,N484,N493,0,0.0216507488905325,0.0016567529585798,0,0,0,0,0,0,0,0,0
492,N485,N494,0,0.0016055450258875,0.0001228590976331,0,0,0,0,0,0,0,0,0
493,N486,N495,0,0.0005644207655325,4.3190458579881654e-05,0,0,0,0,0,0,0,0,0
494,N487,N496,0,0.0004856558801775,0.0001293900702662,0,0,0,0,0,0,0,0,0
495,N488,N497,0,0.0001769752218934,4.715033284023669e-05,0,0,0,0,0,0,0,0,0
496,N489,N498,0,0.0012377704326923,9.471634615384617e-05,0,0,0,0,0,0,0,0,0
497,N490,N499,0,0.0088050240384615,0.0014080528846153,0,0,0,0,0,0,0,0,0
498,N490,N500,0,0.0088050240384615,0.0014080528846153,0,0,0,0,0,0,0,0,0
499,N492,N501,0,0.0012986940643491,9.937832840236687e-05,0,0,0,0,0,0,0,0,0
500,N493,N502,0,0.0138540125739644,0.0010601331360946,0,0,0,0,0,0,0,0,0
501,N494,N503,0,0.0024365731323964,0.0001864508136094,0,0,0,0,0,0,0,0,0
502,N495,N504,0,0.0003816179733727,2.920207100591716e-05,0,0,0,0,0,0,0,0,0
503,N496,N505,0,0.0110148455991124,0.0029346121486686,0,0,0,0,0,0,0,0,0
504,N497,N506,0,0.000121809162352,3.245280602810651e-05,0,0,0,0,0,0,0,0,0
505,N498,N507,0,0.0016248428254437,0.0001243357988165,0,0,0,0,0,0,0,0,0
506,N499,N508,0,0.0015163148113905,0.0002424810465976,0,0,0,0,0,0,0,0,0
507,N499,N509,0,0.0015163148113905,0.0002424810465976,0,0,0,0,0,0,0,0,0
508,N501,N510,0,0.0007630870931952,5.839275147928994e-05,0,0,0,0,0,0,0,0,0
509,N503,N511,0,0.0017286681767751,0.0001322806952662,0,0,0,0,0,0,0,0,0
510,N504,N512,0,0.0005323109282544,4.073335798816567e-05,0,0,0,0,0,0,0,0,0
511,N505,N513,0,0.0295835798816568,0.0022637869822485,0,0,0,0,0,0,0,0,0
512,N505,N514,0,0.0016933737056213,0.0004511543084319,0,0,0,0,0,0,0,0,0
513,N506,N515,0,0.0001082877588757,2.8850388313609468e-05,0,0,0,0,0,0,0,0,0
514,N508,N516,0,0.0040883566013313,0.0006537883690828,0,0,0,0,0,0,0,0,0
515,N508,N517,0,0.0040883566013313,0.0006537883690828,0,0,0,0,0,0,0,0,0
516,N508,N518,0,0.02515412352071,0.0019248372781065,0,0,0,0,0,0,0,0,0
517,N510,N519,0,0.0007022697855029,5.373890532544379e-05,0,0,0,0,0,0,0,0,0
518,N511,N520,0,0.0011810465976331,9.03757396449704e-05,0,0,0,0,0,0,0,0,0
519,N512,N521,0,0.0004062638683431,3.1088017751479294e-05,0,0,0,0,0,0,0,0,0
520,N513,N522,0,0.026088711168639,0.0019963535502958,0,0,0,0,0,0,0,0,0
521,N514,N523,0,0.0009135275517751,0.0002433850776627,0,0,0,0,0,0,0,0,0
522,N515,N524,0,8.432415865384615e-05,2.2465925480769233e-05,0,0,0,0,0,0,0,0,0
523,N516,N525,0,0.0030095178439349,0.0004812661797337,0,0,0,0,0,0,0,0,0
524,N516,N526,0,0.0030095178439349,0.0004812661797337,0,0,0,0,0,0,0,0,0
525,N518,N527,0,0.0148640902366863,0.0011374260355029,0,0,0,0,0,0,0,0,0
526,N519,N528,0,0.0006256633690828,4.787684911242604e-05,0,0,0,0,0,0,0,0,0
527,N520,N529,0,0.0009332585983727,7.141457100591717e-05,0,0,0,0,0,0,0,0,0
528,N521,N530,0,0.002899188701923,0.0002218509615384,0,0,0,0,0,0,0,0,0
529,N523,N531,0,0.0001364300110946,3.634814164201183e-05,0,0,0,0,0,0,0,0,0
530,N524,N532,0,7.701563424556215e-05,2.0518763868343195e-05,0,0,0,0,0,0,0,0,0
531,N525,N533,0,0.0040974625554733,0.0006552445451183,0,0,0,0,0,0,0,0,0
532,N525,N534,0,0.0040974625554733,0.0006552445451183,0,0,0,0,0,0,0,0,0
533,N527,N535,0,0.0117775055473372,0.0009012352071005,0,0,0,0,0,0,0,0,0
534,N528,N536,0,0.0006490546412721,4.966678994082841e-05,0,0,0,0,0,0,0,0,0
535,N529,N537,0,0.0029922753328402,0.000228974112426,0,0,0,0,0,0,0,0,0
536,N530,N538,0,0.010221454326923,0.0007821634615384,0,0,0,0,0,0,0,0,0
537,N530,N539,0,0.0296840560281065,0.0022714755917159,0,0,0,0,0,0,0,0,0
538,N531,N540,0,0.000104142039571,2.7745871856508876e-05,0,0,0,0,0,0,0,0,0
539,N532,N541,0,8.29815181213018e-05,2.2108214681952664e-05,0,0,0,0,0,0,0,0,0
540,N533,N542,0,0.0028995959689349,0.0004636880547337,0,0,0,0,0,0,0,0,0
541,N533,N543,0,0.0028995959689349,0.0004636880547337,0,0,0,0,0,0,0,0,0
542,N535,N544,0,0.004866554178994,0.0003723971893491,0,0,0,0,0,0,0,0,0
543,N536,N545,0,0.0019593911797337,0.00014993602071,0,0,0,0,0,0,0,0,0
544,N537,N546,0,0.024203055658284,0.0018520599112426,0,0,0,0,0,0,0,0,0
545,N538,N547,0,0.0112868204511834,0.0008636871301775,0,0,0,0,0,0,0,0,0
546,N540,N548,0,9.739970414201184e-05,2.5949556213017757e-05,0,0,0,0,0,0,0,0,0
547,N541,N549,0,0.0001091148761094,2.9070751664201183e-05,0,0,0,0,0,0,0,0,0
548,N542,N550,0,0.0081088521634615,0.0012967247596153,0,0,0,0,0,0,0,0,0
549,N542,N551,0,0.0081088521634615,0.0012967247596153,0,0,0,0,0,0,0,0,0
550,N544,N552,0,0.0015312777366863,0.0001171760355029,0,0,0,0,0,0,0,0,0
551,N544,N553,0,0.0201430750739644,0.0015413831360946,0,0,0,0,0,0,0,0,0
552,N545,N554,0,0.0019745955066568,0.0001510994822485,0,0,0,0,0,0,0,0,0
553,N546,N555,0,0.0012052884615384,9.223076923076924e-05,0,0,0,0,0,0,0,0,0
554,N547,N556,0,0.0305936575443786,0.0023410798816568,0,0,0,0,0,0,0,0,0
555,N548,N557,0,0.0001038646449704,2.7671967455621304e-05,0,0,0,0,0,0,0,0,0
556,N549,N558,0,7.804034763313611e-05,2.0791771449704144e-05,0,0,0,0,0,0,0,0,0
557,N550,N559,0,0.005871605954142,0.0009389561760355,0,0,0,0,0,0,0,0,0
558,N550,N560,0,0.005871605954142,0.0009389561760355,0,0,0,0,0,0,0,0,0
559,N552,N561,0,0.000563463849852,4.3117233727810646e-05,0,0,0,0,0,0,0,0,0
560,N553,N562,0,0.0152383505917159,0.0011660650887573,0,0,0,0,0,0,0,0,0
561,N554,N563,0,0.0184498659393491,0.0014118158284023,0,0,0,0,0,0,0,0,0
562,N555,N564,0,0.0009510147004437,7.277329881656805e-05,0,0,0,0,0,0,0,0,0
563,N557,N565,0,9.190754437869823e-05,2.4486316568047335e-05,0,0,0,0,0,0,0,0,0
564,N558,N566,0,0.0001522630362426,4.056642936390532e-05,0,0,0,0,0,0,0,0,0
565,N559,N567,0,0.0013023248890532,0.0002082609097633,0,0,0,0,0,0,0,0,0
566,N559,N568,0,0.0013023248890532,0.0002082609097633,0,0,0,0,0,0,0,0,0
567,N559,N569,0,0.0204577940088757,0.0015654659763313,0,0,0,0,0,0,0,0,0
568,N561,N570,0,0.0008393213757396,6.422633136094674e-05,0,0,0,0,0,0,0,0,0
569,N564,N571,0,0.001075147928994,8.227218934911244e-05,0,0,0,0,0,0,0,0,0
570,N565,N572,0,9.400510355029588e-05,2.504515532544379e-05,0,0,0,0,0,0,0,0,0
571,N567,N573,0,0.0003083666327662,4.931236131656805e-05,0,0,0,0,0,0,0,0,0
572,N567,N574,0,0.0003083666327662,4.931236131656805e-05,0,0,0,0,0,0,0,0,0
573,N569,N575,0,0.002586224112426,0.0001979023668639,0,0,0,0,0,0,0,0,0
574,N570,N576,0,0.0005050388313609,3.864644970414201e-05,0,0,0,0,0,0,0,0,0
575,N571,N577,0,0.0009569156804733,7.322485207100593e-05,0,0,0,0,0,0,0,0,0
576,N572,N578,0,0.0004851872226331,0.0001292652089497,0,0,0,0,0,0,0,0,0
577,N573,N579,0,0.0083596995192307,0.0013368389423076,0,0,0,0,0,0,0,0,0
578,N573,N580,0,0.0083596995192307,0.0013368389423076,0,0,0,0,0,0,0,0,0
579,N573,N581,0,0.0006933316845414,0.0001108739367603,0,0,0,0,0,0,0,0,0
580,N575,N582,0,0.0019084620007396,0.0001460388313609,0,0,0,0,0,0,0,0,0
581,N576,N583,0,0.0006093958025147,4.663202662721894e-05,0,0,0,0,0,0,0,0,0
582,N577,N584,0,0.0011014099482248,8.428180473372782e-05,0,0,0,0,0,0,0,0,0
583,N578,N585,0,0.025155186760355,0.0019249186390532,0,0,0,0,0,0,0,0,0
584,N578,N586,0,0.0010465376294378,0.0002788220691568,0,0,0,0,0,0,0,0,0
585,N579,N587,0,0.0058585974482248,0.0009368759245562,0,0,0,0,0,0,0,0,0
586,N579,N588,0,0.0058585974482248,0.0009368759245562,0,0,0,0,0,0,0,0,0
587,N581,N589,0,0.0002521048446745,4.0315273668639057e-05,0,0,0,0,0,0,0,0,0
588,N582,N590,0,0.0018569480399408,0.0001420968934911,0,0,0,0,0,0,0,0,0
589,N583,N591,0,0.0005350753513313,4.094489644970414e-05,0,0,0,0,0,0,0,0,0
590,N584,N592,0,0.0011293199889053,8.641752958579882e-05,0,0,0,0,0,0,0,0,0
591,N585,N593,0,0.0014496209319526,0.0001109275147928,0,0,0,0,0,0,0,0,0
592,N586,N594,0,0.0050010826553254,0.0013324052329881,0,0,0,0,0,0,0,0,0
593,N587,N595,0,0.011738442122781,0.0018771495931952,0,0,0,0,0,0,0,0,0
594,N587,N596,0,0.0013927340051775,0.0002227186575443,0,0,0,0,0,0,0,0,0
595,N589,N597,0,0.0001935557276257,3.095240846893491e-05,0,0,0,0,0,0,0,0,0
596,N590,N598,0,0.0174435096153846,0.0013348076923076,0,0,0,0,0,0,0,0,0
597,N591,N599,0,0.003501354474852,0.0002679297337278,0,0,0,0,0,0,0,0,0
598,N592,N600,0,0.0013574380547337,0.00010387352071,0,0,0,0,0,0,0,0,0
599,N593,N601,0,0.0007280533468934,5.571190828402367e-05,0,0,0,0,0,0,0,0,0
600,N594,N602,0,0.0487330575073964,0.0037291383136094,0,0,0,0,0,0,0,0,0
601,N594,N603,0,0.0058802588757396,0.0015666383136094,0,0,0,0,0,0,0,0,0
602,N595,N604,0,0.0104681615199704,0.0016740130362426,0,0,0,0,0,0,0,0,0
603,N595,N605,0,0.0104681615199704,0.0016740130362426,0,0,0,0,0,0,0,0,0
604,N595,N606,0,0.0103458815643491,0.0016544586723372,0,0,0,0,0,0,0,0,0
605,N596,N607,0,0.0620091993343195,0.0047450517751479,0,0,0,0,0,0,0,0,0
606,N596,N608,0,0.0620091993343195,0.0047450517751479,0,0,0,0,0,0,0,0,0
607,N597,N609,0,0.0002392914663461,3.826622596153846e-05,0,0,0,0,0,0,0,0,0
608,N598,N610,0,0.0081183663091715,0.0006212315088757,0,0,0,0,0,0,0,0,0
609,N599,N611,0,0.0258165218195266,0.0019755251479289,0,0,0,0,0,0,0,0,0
610,N600,N612,0,0.0008510170118343,6.512130177514792e-05,0,0,0,0,0,0,0,0,0
611,N601,N613,0,0.000610512204142,4.6717455621301775e-05,0,0,0,0,0,0,0,0,0
612,N602,N614,0,0.0257165772928994,0.0019678772189349,0,0,0,0,0,0,0,0,0
613,N603,N615,0,0.0056322503698224,0.0015005630547337,0,0,0,0,0,0,0,0,0
614,N604,N616,0,0.0228371657729289,0.0015442793084319,0,0,0,0,0,0,0,0,0
615,N604,N617,0,0.0067401405325443,0.001077847633136,0,0,0,0,0,0,0,0,0
616,N604,N618,0,0.0067401405325443,0.001077847633136,0,0,0,0,0,0,0,0,0
617,N607,N619,0,0.0145950906065088,0.0011168417159763,0,0,0,0,0,0,0,0,0
618,N609,N620,0,0.0001379768860946,2.2064534023668643e-05,0,0,0,0,0,0,0,0,0
619,N610,N621,0,0.0038102787536982,0.0002915691568047,0,0,0,0,0,0,0,0,0
620,N612,N622,0,0.0036573848927514,0.0002798694526627,0,0,0,0,0,0,0,0,0
621,N613,N623,0,0.0004978513313609,3.809644970414202e-05,0,0,0,0,0,0,0,0,0
622,N615,N624,0,0.0086770987426035,0.0006639866863905,0,0,0,0,0,0,0,0,0
623,N615,N625,0,0.0015846958210059,0.0004221999815088,0,0,0,0,0,0,0,0,0
624,N616,N626,0,0.0311094716161242,0.002103663553994,0,0,0,0,0,0,0,0,0
625,N620,N627,0,0.0001688872642381,2.700755824704142e-05,0,0,0,0,0,0,0,0,0
626,N621,N628,0,0.002541514885355,0.0001944811390532,0,0,0,0,0,0,0,0,0
627,N622,N629,0,0.0154191013313609,0.0011798964497041,0,0,0,0,0,0,0,0,0
628,N623,N630,0,0.0007814811390532,5.980029585798816e-05,0,0,0,0,0,0,0,0,0
629,N624,N631,0,0.0021276488535502,0.0001628113905325,0,0,0,0,0,0,0,0,0
630,N625,N632,0,0.0003645902366863,9.71353550295858e-05,0,0,0,0,0,0,0,0,0
631,N626,N633,0,0.0091247554548816,0.0006170280140532,0,0,0,0,0,0,0,0,0
632,N627,N634,0,0.0001415737379807,2.2639723557692306e-05,0,0,0,0,0,0,0,0,0
633,N628,N635,0,0.0038855029585798,0.0002973254437869,0,0,0,0,0,0,0,0,0
634,N630,N636,0,0.0018634869637573,0.0001425972633136,0,0,0,0,0,0,0,0,0
635,N631,N637,0,0.0014609975961538,0.000111798076923,0,0,0,0,0,0,0,0,0
636,N632,N638,0,0.0001809271449704,4.82032174556213e-05,0,0,0,0,0,0,0,0,0
637,N633,N639,0,0.0302012379807692,0.0020422475961538,0,0,0,0,0,0,0,0,0
638,N634,N640,0,0.0001498644924186,2.3965537167159764e-05,0,0,0,0,0,0,0,0,0
639,N635,N641,0,0.0075883413461538,0.000580673076923,0,0,0,0,0,0,0,0,0
640,N636,N642,0,0.0012892312315088,9.865421597633136e-05,0,0,0,0,0,0,0,0,0
641,N637,N643,0,0.0020252588757396,0.0001549763313609,0,0,0,0,0,0,0,0,0
642,N638,N644,0,0.0001988247965976,5.297156989644971e-05,0,0,0,0,0,0,0,0,0
643,N640,N645,0,0.0001487154077292,2.378178161982249e-05,0,0,0,0,0,0,0,0,0
644,N641,N646,0,0.0020976123335798,0.0001605129437869,0,0,0,0,0,0,0,0,0
645,N642,N647,0,0.0016392497226331,0.0001254382396449,0,0,0,0,0,0,0,0,0
646,N643,N648,0,0.0048024939903846,0.0003674951923076,0,0,0,0,0,0,0,0,0
647,N644,N649,0,0.0002294142011834,6.112130177514792e-05,0,0,0,0,0,0,0,0,0
648,N645,N650,0,0.0002037652366863,3.2585059171597635e-05,0,0,0,0,0,0,0,0,0
649,N646,N651,0,0.0006089705066568,4.659948224852071e-05,0,0,0,0,0,0,0,0,0
650,N647,N652,0,0.0009958302514792,7.620266272189349e-05,0,0,0,0,0,0,0,0,0
651,N648,N653,0,0.0036506864829881,0.0002793568786982,0,0,0,0,0,0,0,0,0
652,N649,N654,0,0.0002319221523668,6.178947855029585e-05,0,0,0,0,0,0,0,0,0
653,N650,N655,0,0.0002687123705621,4.297106139053254e-05,0,0,0,0,0,0,0,0,0
654,N651,N656,0,0.0005282599852071,4.0423372781065086e-05,0,0,0,0,0,0,0,0,0
655,N651,N657,0,0.0028059425850591,0.0002147156065088,0,0,0,0,0,0,0,0,0
656,N652,N658,0,0.0008990222818047,6.879474852071006e-05,0,0,0,0,0,0,0,0,0
657,N653,N659,0,0.0025627265162721,0.0001961042899408,0,0,0,0,0,0,0,0,0
658,N654,N660,0,0.0002571156619822,6.850161797337278e-05,0,0,0,0,0,0,0,0,0
659,N655,N661,0,0.0007906136279585,0.0001264307507396,0,0,0,0,0,0,0,0,0
660,N656,N662,0,0.0004944064349112,3.7832840236686394e-05,0,0,0,0,0,0,0,0,0
661,N657,N663,0,0.0037026257396449,0.0002833313609467,0,0,0,0,0,0,0,0,0
662,N658,N664,0,0.00151623289571,0.0001160247781065,0,0,0,0,0,0,0,0,0
663,N659,N665,0,0.0026846801035502,0.0002054363905325,0,0,0,0,0,0,0,0,0
664,N660,N666,0,0.0003739000554733,9.961570821005916e-05,0,0,0,0,0,0,0,0,0
665,N661,N667,0,0.0005641138590976,9.021010539940828e-05,0,0,0,0,0,0,0,0,0
666,N662,N668,0,0.0005093024223372,3.897270710059171e-05,0,0,0,0,0,0,0,0,0
667,N663,N669,0,0.0153824195636094,0.0011770894970414,0,0,0,0,0,0,0,0,0
668,N664,N670,0,0.0014906619822485,0.0001140680473372,0,0,0,0,0,0,0,0,0
669,N665,N671,0,0.0022041489460059,0.0001686653106508,0,0,0,0,0,0,0,0,0
670,N666,N672,0,0.0025523067677514,0.0001953069526627,0,0,0,0,0,0,0,0,0
671,N666,N673,0,0.0010280193232248,0.0002738883598372,0,0,0,0,0,0,0,0,0
672,N667,N674,0,0.0004376061390532,6.99796597633136e-05,0,0,0,0,0,0,0,0,0
673,N668,N675,0,0.0036823710244082,0.0002817814349112,0,0,0,0,0,0,0,0,0
674,N669,N676,0,0.0065325443786982,0.0004998816568047,0,0,0,0,0,0,0,0,0
675,N670,N677,0,0.0007053000184911,5.397078402366864e-05,0,0,0,0,0,0,0,0,0
676,N671,N678,0,0.0036494637573964,0.0002792633136094,0,0,0,0,0,0,0,0,0
677,N672,N679,0,0.0015326599482248,0.0001172818047337,0,0,0,0,0,0,0,0,0
678,N673,N680,0,0.0065096532914201,0.0017343236871301,0,0,0,0,0,0,0,0,0
679,N674,N681,0,0.0008726973002958,0.0001395571375739,0,0,0,0,0,0,0,0,0
680,N675,N682,0,0.0268154354659763,0.0020519637573964,0,0,0,0,0,0,0,0,0
681,N677,N683,0,0.0007746764053254,5.9279585798816565e-05,0,0,0,0,0,0,0,0,0
682,N678,N684,0,0.0117939857618343,0.0009024963017751,0,0,0,0,0,0,0,0,0
683,N679,N685,0,0.0014217640532544,0.0001087958579881,0,0,0,0,0,0,0,0,0
684,N680,N686,0,0.0046595959689349,0.0012414252034023,0,0,0,0,0,0,0,0,0
685,N683,N687,0,0.0007435234837278,5.68957100591716e-05,0,0,0,0,0,0,0,0,0
686,N684,N688,0,0.0275581083579881,0.0021087943786982,0,0,0,0,0,0,0,0,0
687,N685,N689,0,0.0013872619267751,0.0001061556952662,0,0,0,0,0,0,0,0,0
688,N686,N690,0,0.0432977764423077,0.0033132211538461,0,0,0,0,0,0,0,0,0
689,N686,N691,0,0.0133319138313609,0.0035519332470414,0,0,0,0,0,0,0,0,0
690,N687,N692,0,0.0008966831545857,6.861575443786982e-05,0,0,0,0,0,0,0,0,0
691,N689,N693,0,0.0010405394785502,7.962389053254439e-05,0,0,0,0,0,0,0,0,0
692,N690,N694,0,0.0040486570821005,0.000309810281065,0,0,0,0,0,0,0,0,0
693,N690,N695,0,0.0113027690458579,0.0008649075443786,0,0,0,0,0,0,0,0,0
694,N691,N696,0,0.0504065967085798,0.0038572004437869,0,0,0,0,0,0,0,0,0
695,N691,N697,0,0.0027748326553254,0.0007392802329881,0,0,0,0,0,0,0,0,0
696,N692,N698,0,0.0014303231323964,0.0001094508136094,0,0,0,0,0,0,0,0,0
697,N693,N699,0,0.0016529655140532,0.0001264877958579,0,0,0,0,0,0,0,0,0
698,N694,N700,0,0.0012668500369822,9.69415680473373e-05,0,0,0,0,0,0,0,0,0
699,N695,N701,0,0.0230255177514792,0.0017619526627218,0,0,0,0,0,0,0,0,0
700,N696,N702,0,0.0292018768491124,0.0022345784023668,0,0,0,0,0,0,0,0,0
701,N697,N703,0,0.0052034023668639,0.0008321005917159,0,0,0,0,0,0,0,0,0
702,N698,N704,0,0.003914635724852,0.0002995547337278,0,0,0,0,0,0,0,0,0
703,N699,N705,0,0.0027869637573964,0.0002132633136094,0,0,0,0,0,0,0,0,0
704,N700,N706,0,0.0008145478920118,6.233062130177515e-05,0,0,0,0,0,0,0,0,0
705,N703,N707,0,0.0137257082100591,0.0021949426775147,0,0,0,0,0,0,0,0,0
706,N703,N708,0,0.0002413511464497,3.859559911242605e-05,0,0,0,0,0,0,0,0,0
707,N704,N709,0,0.005209661612426,0.0003986523668639,0,0,0,0,0,0,0,0,0
708,N705,N710,0,0.0208825582470414,0.0015979696745562,0,0,0,0,0,0,0,0,0
709,N706,N711,0,0.0004913124075443,3.75960798816568e-05,0,0,0,0,0,0,0,0,0
710,N707,N712,0,0.0162660526072485,0.0026011811205621,0,0,0,0,0,0,0,0,0
711,N707,N713,0,0.0209713387573964,0.0016047633136094,0,0,0,0,0,0,0,0,0
712,N708,N714,0,0.0002270851516272,3.6314256656804735e-05,0,0,0,0,0,0,0,0,0
713,N709,N715,0,0.0004962033099112,3.79703402366864e-05,0,0,0,0,0,0,0,0,0
714,N710,N716,0,0.0171314487795858,0.0013109282544378,0,0,0,0,0,0,0,0,0
715,N711,N717,0,0.0004965754437869,3.799881656804734e-05,0,0,0,0,0,0,0,0,0
716,N712,N718,0,0.0167883441198224,0.0026847032174556,0,0,0,0,0,0,0,0,0
717,N713,N719,0,0.002245030510355,0.0001717936390532,0,0,0,0,0,0,0,0,0
718,N714,N720,0,0.000210304178994,3.363073224852071e-05,0,0,0,0,0,0,0,0,0
719,N715,N721,0,0.0003924258043639,3.00291050295858e-05,0,0,0,0,0,0,0,0,0
720,N716,N722,0,0.0054278383875739,0.000415347633136,0,0,0,0,0,0,0,0,0
721,N717,N723,0,0.000443546366494,3.394093934911242e-05,0,0,0,0,0,0,0,0,0
722,N718,N724,0,0.0070538623335798,0.0011280163646449,0,0,0,0,0,0,0,0,0
723,N718,N725,0,0.0496931629068047,0.0038026072485207,0,0,0,0,0,0,0,0,0
724,N719,N726,0,0.0008571838017751,6.55931952662722e-05,0,0,0,0,0,0,0,0,0
725,N720,N727,0,0.0002379906157544,3.805820081360947e-05,0,0,0,0,0,0,0,0,0
726,N721,N728,0,0.0003811395155325,2.916545857988165e-05,0,0,0,0,0,0,0,0,0
727,N722,N729,0,0.0049413530880177,0.0003781209319526,0,0,0,0,0,0,0,0,0
728,N723,N730,0,0.000499722633136,3.8239644970414205e-05,0,0,0,0,0,0,0,0,0
729,N724,N731,0,0.0095851007766272,0.0015327986316568,0,0,0,0,0,0,0,0,0
730,N725,N732,0,0.006665980954142,0.0005100924556213,0,0,0,0,0,0,0,0,0
731,N726,N733,0,0.0009067307692307,6.938461538461537e-05,0,0,0,0,0,0,0,0,0
732,N727,N734,0,0.0001948869313979,3.116528753698225e-05,0,0,0,0,0,0,0,0,0
733,N728,N735,0,0.0004082414940828,3.123934911242604e-05,0,0,0,0,0,0,0,0,0
734,N729,N736,0,0.0026913253513313,0.0002059448964497,0,0,0,0,0,0,0,0,0
735,N730,N737,0,0.0004003788369082,3.063768491124261e-05,0,0,0,0,0,0,0,0,0
736,N731,N738,0,0.0112222212463017,0.0017945982803254,0,0,0,0,0,0,0,0,0
737,N732,N739,0,0.0035021519045857,0.0002679907544378,0,0,0,0,0,0,0,0,0
738,N733,N740,0,0.0007525078587278,5.75832100591716e-05,0,0,0,0,0,0,0,0,0
739,N734,N741,0,0.00029835008321,4.771056767751479e-05,0,0,0,0,0,0,0,0,0
740,N735,N742,0,0.0003774500739644,2.8883136094674556e-05,0,0,0,0,0,0,0,0,0
741,N736,N743,0,0.0021494452662721,0.0001644792899408,0,0,0,0,0,0,0,0,0
742,N737,N744,0,0.0004802547152366,3.674992603550296e-05,0,0,0,0,0,0,0,0,0
743,N738,N745,0,0.0090109920488165,0.0014409901997041,0,0,0,0,0,0,0,0,0
744,N739,N746,0,0.0198756703032544,0.0015209208579881,0,0,0,0,0,0,0,0,0
745,N739,N747,0,0.0006486825073964,4.963831360946746e-05,0,0,0,0,0,0,0,0,0
746,N740,N748,0,0.0008911543084319,6.81926775147929e-05,0,0,0,0,0,0,0,0,0
747,N741,N749,0,0.0003561512111686,5.695381841715976e-05,0,0,0,0,0,0,0,0,0
748,N742,N750,0,0.0003557068232248,2.7219304733727813e-05,0,0,0,0,0,0,0,0,0
749,N743,N751,0,0.0018328656619822,0.0001402540680473,0,0,0,0,0,0,0,0,0
750,N744,N752,0,0.0005175318971893,3.960244082840237e-05,0,0,0,0,0,0,0,0,0
751,N745,N753,0,0.0033462213387573,0.0005351100221893,0,0,0,0,0,0,0,0,0
752,N745,N754,0,0.0314862472263313,0.0024093823964497,0,0,0,0,0,0,0,0,0
753,N746,N755,0,0.0161564580251479,0.0012363202662721,0,0,0,0,0,0,0,0,0
754,N747,N756,0,0.0004690906989644,3.5895636094674554e-05,0,0,0,0,0,0,0,0,0
755,N748,N757,0,0.0008690920857988,6.650443786982247e-05,0,0,0,0,0,0,0,0,0
756,N749,N758,0,0.0002700132211538,4.317908653846154e-05,0,0,0,0,0,0,0,0,0
757,N750,N759,0,0.0004947200906065,3.785684171597633e-05,0,0,0,0,0,0,0,0,0
758,N751,N760,0,0.0021508806397928,0.0001645891272189,0,0,0,0,0,0,0,0,0
759,N752,N761,0,0.0009442099667159,7.225258875739643e-05,0,0,0,0,0,0,0,0,0
760,N753,N762,0,0.0046134666235207,0.0007377611871301,0,0,0,0,0,0,0,0,0
761,N754,N763,0,0.0263183709319526,0.0020139275147928,0,0,0,0,0,0,0,0,0
762,N756,N764,0,0.0003958707008136,3.0292714497041424e-05,0,0,0,0,0,0,0,0,0
763,N757,N765,0,0.0011948155510355,9.142936390532544e-05,0,0,0,0,0,0,0,0,0
764,N758,N766,0,0.0002637908191568,4.218403291420119e-05,0,0,0,0,0,0,0,0,0
765,N759,N767,0,0.0006062592455621,4.639201183431953e-05,0,0,0,0,0,0,0,0,0
766,N760,N768,0,0.0019653453217455,0.0001503916420118,0,0,0,0,0,0,0,0,0
767,N761,N769,0,0.0070641642011834,0.0005405621301775,0,0,0,0,0,0,0,0,0
768,N762,N770,0,0.011349270987426,0.0018149154031065,0,0,0,0,0,0,0,0,0
769,N763,N771,0,0.0191420349482248,0.0014647818047337,0,0,0,0,0,0,0,0,0
770,N763,N772,0,0.0006931259245562,5.303920118343196e-05,0,0,0,0,0,0,0,0,0
771,N764,N773,0,0.0006686714127218,5.116789940828402e-05,0,0,0,0,0,0,0,0,0
772,N765,N774,0,0.0016436621671597,0.0001257758875739,0,0,0,0,0,0,0,0,0
773,N766,N775,0,0.0001719507673816,2.74974574704142e-05,0,0,0,0,0,0,0,0,0
774,N767,N776,0,0.002873511464497,0.0002198860946745,0,0,0,0,0,0,0,0,0
775,N768,N777,0,0.0030489991678994,0.0002333147189349,0,0,0,0,0,0,0,0,0
776,N769,N778,0,0.0216480907914201,0.001656549556213,0,0,0,0,0,0,0,0,0
777,N770,N779,0,0.0091987481508875,0.0014710151627218,0,0,0,0,0,0,0,0,0
778,N771,N780,0,0.0187571421967455,0.0014353291420118,0,0,0,0,0,0,0,0,0
779,N772,N781,0,0.00066271727071,5.071227810650888e-05,0,0,0,0,0,0,0,0,0
780,N773,N782,0,0.0009363951553254,7.165458579881657e-05,0,0,0,0,0,0,0,0,0
781,N774,N783,0,0.0017394600591715,0.0001331065088757,0,0,0,0,0,0,0,0,0
782,N775,N784,0,0.000210304178994,3.363073224852071e-05,0,0,0,0,0,0,0,0,0
783,N776,N785,0,0.0245693417159763,0.0018800887573964,0,0,0,0,0,0,0,0,0
784,N777,N786,0,0.0061556259245562,0.0004710392011834,0,0,0,0,0,0,0,0,0
785,N779,N787,0,0.0071876331360946,0.0011494082840236,0,0,0,0,0,0,0,0,0
786,N781,N788,0,0.0007144438794378,5.467048816568048e-05,0,0,0,0,0,0,0,0,0
787,N782,N789,0,0.0006948271079881,5.316937869822486e-05,0,0,0,0,0,0,0,0,0
788,N783,N790,0,0.0011554756841715,8.841900887573964e-05,0,0,0,0,0,0,0,0,0
789,N784,N791,0,0.0001994290680473,3.189164201183432e-05,0,0,0,0,0,0,0,0,0
790,N786,N792,0,0.0018387666420118,0.0001407056213017,0,0,0,0,0,0,0,0,0
791,N786,N793,0,0.0109620007396449,0.0008388313609467,0,0,0,0,0,0,0,0,0
792,N787,N794,0,0.0064962310465976,0.0010388429178994,0,0,0,0,0,0,0,0,0
793,N788,N795,0,0.0006379437869822,4.881656804733728e-05,0,0,0,0,0,0,0,0,0
794,N789,N796,0,0.0011510100776627,8.807729289940829e-05,0,0,0,0,0,0,0,0,0
795,N790,N797,0,0.0011759962093195,8.9989275147929e-05,0,0,0,0,0,0,0,0,0
796,N791,N798,0,0.0001988263406065,3.179525702662722e-05,0,0,0,0,0,0,0,0,0
797,N792,N799,0,0.0016035780325443,0.0001227085798816,0,0,0,0,0,0,0,0,0
798,N793,N800,0,0.0175407960428994,0.0013422522189349,0,0,0,0,0,0,0,0,0
799,N794,N801,0,0.0010927445451183,8.361871301775149e-05,0,0,0,0,0,0,0,0,0
800,N794,N802,0,0.0041725138683431,0.0009589007026627,0,0,0,0,0,0,0,0,0
801,N795,N803,0,0.0007045025887573,5.3909763313609465e-05,0,0,0,0,0,0,0,0,0
802,N796,N804,0,0.0079891826923076,0.0006113461538461,0,0,0,0,0,0,0,0,0
803,N797,N805,0,0.0005622942862426,4.302773668639053e-05,0,0,0,0,0,0,0,0,0
804,N798,N806,0,0.0002669128605769,4.268329326923077e-05,0,0,0,0,0,0,0,0,0
805,N799,N807,0,0.0013262319711538,0.000101485576923,0,0,0,0,0,0,0,0,0
806,N800,N808,0,0.0149868944156804,0.001146823224852,0,0,0,0,0,0,0,0,0
807,N801,N809,0,0.0010956152921597,8.383838757396449e-05,0,0,0,0,0,0,0,0,0
808,N802,N810,0,0.0066666424741124,0.0010660942122781,0,0,0,0,0,0,0,0,0
809,N802,N811,0,0.0066666424741124,0.0010660942122781,0,0,0,0,0,0,0,0,0
810,N803,N812,0,0.0004542159763313,3.475739644970414e-05,0,0,0,0,0,0,0,0,0
811,N804,N813,0,0.0176471200073964,0.0013503883136094,0,0,0,0,0,0,0,0,0
812,N805,N814,0,0.0008943971893491,6.844082840236686e-05,0,0,0,0,0,0,0,0,0
813,N806,N815,0,0.0009124599667159,0.0001459157729289,0,0,0,0,0,0,0,0,0
814,N807,N816,0,0.0010313424556213,7.892011834319528e-05,0,0,0,0,0,0,0,0,0
815,N808,N817,0,0.0084819942677514,0.0006490569526627,0,0,0,0,0,0,0,0,0
816,N809,N818,0,0.0010977417714497,8.400110946745562e-05,0,0,0,0,0,0,0,0,0
817,N810,N819,0,0.0055897549926035,0.0008938840606508,0,0,0,0,0,0,0,0,0
818,N810,N820,0,0.0055897549926035,0.0008938840606508,0,0,0,0,0,0,0,0,0
819,N812,N821,0,0.0006976446930473,5.33849852071006e-05,0,0,0,0,0,0,0,0,0
820,N814,N822,0,0.0008396403476331,6.425073964497041e-05,0,0,0,0,0,0,0,0,0
821,N815,N823,0,0.0010547947022928,0.0001686771911982,0,0,0,0,0,0,0,0,0
822,N816,N824,0,0.0010489390717455,8.026664201183434e-05,0,0,0,0,0,0,0,0,0
823,N818,N825,0,0.0010910965236686,8.349260355029586e-05,0,0,0,0,0,0,0,0,0
824,N819,N826,0,0.006008845691568,0.000960902829142,0,0,0,0,0,0,0,0,0
825,N819,N827,0,0.006008845691568,0.000960902829142,0,0,0,0,0,0,0,0,0
826,N821,N828,0,0.0057383043639053,0.0004391050295857,0,0,0,0,0,0,0,0,0
827,N822,N829,0,0.0011997064534023,9.180362426035504e-05,0,0,0,0,0,0,0,0,0
828,N823,N830,0,0.0010766489922337,0.0001721720136834,0,0,0,0,0,0,0,0,0
829,N824,N831,0,0.0009102926220414,6.965717455621302e-05,0,0,0,0,0,0,0,0,0
830,N825,N832,0,0.001095243158284,8.380991124260355e-05,0,0,0,0,0,0,0,0,0
831,N826,N833,0,0.0049334758690828,0.0007889353735207,0,0,0,0,0,0,0,0,0
832,N826,N834,0,0.0049334758690828,0.0007889353735207,0,0,0,0,0,0,0,0,0
833,N828,N835,0,0.0197767890162721,0.0015133542899408,0,0,0,0,0,0,0,0,0
834,N829,N836,0,0.0126637157914201,0.000969049556213,0,0,0,0,0,0,0,0,0
835,N831,N837,0,0.0006537860576923,5.002884615384616e-05,0,0,0,0,0,0,0,0,0
836,N832,N838,0,0.0010944988905325,8.375295857988166e-05,0,0,0,0,0,0,0,0,0
837,N833,N839,0,0.0052966299926035,0.0008470090606508,0,0,0,0,0,0,0,0,0
838,N833,N840,0,0.0052966299926035,0.0008470090606508,0,0,0,0,0,0,0,0,0
839,N836,N841,0,0.0050651673446745,0.0003875954142011,0,0,0,0,0,0,0,0,0
840,N837,N842,0,0.0007590467825443,5.80835798816568e-05,0,0,0,0,0,0,0,0,0
841,N838,N843,0,0.0010951899963017,8.380584319526628e-05,0,0,0,0,0,0,0,0,0
842,N839,N844,0,0.0279454715236686,0.0018897096893491,0,0,0,0,0,0,0,0,0
843,N839,N845,0,0.0078510669378698,0.0012555011094674,0,0,0,0,0,0,0,0,0
844,N839,N846,0,0.0078510669378698,0.0012555011094674,0,0,0,0,0,0,0,0,0
845,N841,N847,0,0.0025720830251479,0.0001968202662721,0,0,0,0,0,0,0,0,0
846,N842,N848,0,0.0011435142381656,8.750369822485209e-05,0,0,0,0,0,0,0,0,0
847,N843,N849,0,0.0005345968934911,4.0908284023668634e-05,0,0,0,0,0,0,0,0,0
848,N844,N850,0,0.0040885040680473,0.0002764700443786,0,0,0,0,0,0,0,0,0
849,N845,N851,0,0.0094615199704142,0.0015130362426035,0,0,0,0,0,0,0,0,0
850,N845,N852,0,0.0094615199704142,0.0015130362426035,0,0,0,0,0,0,0,0,0
851,N847,N853,0,0.0005691521819526,4.355251479289941e-05,0,0,0,0,0,0,0,0,0
852,N848,N854,0,0.0018682715421597,0.0001429633875739,0,0,0,0,0,0,0,0,0
853,N849,N855,0,0.0120151396079881,0.0009194193786982,0,0,0,0,0,0,0,0,0
854,N850,N856,0,0.0115182387204142,0.0007788785133136,0,0,0,0,0,0,0,0,0
855,N851,N857,0,0.0148776114090236,0.0023791489460059,0,0,0,0,0,0,0,0,0
856,N851,N858,0,0.0148776114090236,0.0023791489460059,0,0,0,0,0,0,0,0,0
857,N853,N859,0,0.0004482352533284,3.4299741124260355e-05,0,0,0,0,0,0,0,0,0
858,N854,N860,0,0.0149916789940828,0.0011471893491124,0,0,0,0,0,0,0,0,0
859,N854,N861,0,0.0399198640902366,0.0030547374260355,0,0,0,0,0,0,0,0,0
860,N855,N862,0,0.007813216531065,0.0005978809171597,0,0,0,0,0,0,0,0,0
861,N856,N863,0,0.0135253014053254,0.0009145987426035,0,0,0,0,0,0,0,0,0
862,N857,N864,0,0.0060463535502958,0.0009669008875739,0,0,0,0,0,0,0,0,0
863,N857,N865,0,0.0060463535502958,0.0009669008875739,0,0,0,0,0,0,0,0,0
864,N859,N866,0,0.0004802547152366,3.674992603550296e-05,0,0,0,0,0,0,0,0,0
865,N862,N867,0,0.0068334411982248,0.0005229068047337,0,0,0,0,0,0,0,0,0
866,N863,N868,0,0.0017545237610946,0.0001186432137573,0,0,0,0,0,0,0,0,0
867,N864,N869,0,0.0037666128883136,0.0006023368158284,0,0,0,0,0,0,0,0,0
868,N864,N870,0,0.0037666128883136,0.0006023368158284,0,0,0,0,0,0,0,0,0
869,N866,N871,0,0.0003842388590976,2.940262573964497e-05,0,0,0,0,0,0,0,0,0
870,N867,N872,0,0.007167830066568,0.0005484948224852,0,0,0,0,0,0,0,0,0
871,N868,N873,0,0.0022053284023668,0.0001491272189349,0,0,0,0,0,0,0,0,0
872,N868,N874,0,0.0049066116401627,0.0003317915588017,0,0,0,0,0,0,0,0,0
873,N869,N875,0,0.0026017011834319,0.0004160502958579,0,0,0,0,0,0,0,0,0
874,N869,N876,0,0.0026017011834319,0.0004160502958579,0,0,0,0,0,0,0,0,0
875,N871,N877,0,0.0003730801590236,2.8548742603550296e-05,0,0,0,0,0,0,0,0,0
876,N872,N878,0,0.0122389515532544,0.0009365458579881,0,0,0,0,0,0,0,0,0
877,N873,N879,0,0.0020406493158284,0.0001379914016272,0,0,0,0,0,0,0,0,0
878,N874,N880,0,0.0114827926220414,0.0007764816013313,0,0,0,0,0,0,0,0,0
879,N875,N881,0,0.0021923668639053,0.0003505917159763,0,0,0,0,0,0,0,0,0
880,N875,N882,0,0.0021923668639053,0.0003505917159763,0,0,0,0,0,0,0,0,0
881,N877,N883,0,0.0003721338757396,2.8476331360946748e-05,0,0,0,0,0,0,0,0,0
882,N878,N884,0,0.0030019508136094,0.0002297144970414,0,0,0,0,0,0,0,0,0
883,N879,N885,0,0.003102986316568,0.0002098280325443,0,0,0,0,0,0,0,0,0
884,N880,N886,0,0.0272406171412721,0.0018420465051775,0,0,0,0,0,0,0,0,0
885,N883,N887,0,0.0003677799093934,2.8143158284023673e-05,0,0,0,0,0,0,0,0,0
886,N884,N888,0,0.0033116193602071,0.000253410872781,0,0,0,0,0,0,0,0,0
887,N884,N889,0,0.0126693010355029,0.0013428291420118,0,0,0,0,0,0,0,0,0
888,N885,N890,0,0.0039213263221153,0.000265165264423,0,0,0,0,0,0,0,0,0
889,N887,N891,0,0.0065766688239644,0.0005032581360946,0,0,0,0,0,0,0,0,0
890,N888,N892,0,0.0054374075443786,0.0004160798816568,0,0,0,0,0,0,0,0,0
891,N889,N893,0,0.0107452718195266,0.0011388997781065,0,0,0,0,0,0,0,0,0
892,N890,N894,0,0.015265646727071,0.001032283191568,0,0,0,0,0,0,0,0,0
893,N891,N895,0,0.0309663230399408,0.0023695968934911,0,0,0,0,0,0,0,0,0
894,N891,N896,0,0.0173238951553254,0.0013256545857988,0,0,0,0,0,0,0,0,0
895,N892,N897,0,0.0010750947670118,8.226812130177514e-05,0,0,0,0,0,0,0,0,0
896,N893,N898,0,0.0180605954142011,0.0019142566568047,0,0,0,0,0,0,0,0,0
897,N894,N899,0,0.0277310516826923,0.0018752103365384,0,0,0,0,0,0,0,0,0
898,N895,N900,0,0.0205651812130177,0.0015736834319526,0,0,0,0,0,0,0,0,0
899,N897,N901,0,0.0009084319526627,6.951479289940828e-05,0,0,0,0,0,0,0,0,0
900,N901,N902,0,0.0007655325443786,5.857988165680473e-05,0,0,0,0,0,0,0,0,0
901,N902,N903,0,0.0009958302514792,7.620266272189349e-05,0,0,0,0,0,0,0,0,0
902,N903,N904,0,0.0018022975221893,0.0001379149408284,0,0,0,0,0,0,0,0,0
903,N904,N905,0,0.003124861316568,0.0002391198224852,0,0,0,0,0,0,0,0,0
904,N905,N906,0,0.0255958995931952,0.0019586427514792,0,0,0,0,0,0,0,0,0
